Material,Length,radius,Fratio,R2score
SUS304,0.01,0.001,11,0.9847287450559166
SUS304,0.01,0.001,13,0.9954984889384586
SUS304,0.01,0.001,15,0.9974598014639161
SUS304,0.01,0.001,5,0.965800204232152
SUS304,0.01,0.001,7,0.9664833141011362
SUS304,0.01,0.001,9,0.9781587287674716
SUS304,0.059,0.002,9,0.9948375802929873
SUS304,0.059,0.002,11,0.9953922050591858
SUS304,0.059,0.002,13,0.998212690229566
SUS304,0.059,0.002,15,0.998535409982491
SUS304,0.059,0.002,5,0.9968288206920187
SUS304,0.059,0.002,7,0.9747674235881499
SUS304,0.059,0.003,5,0.9836496564704992
SUS304,0.059,0.003,7,0.9918659756216516
SUS304,0.059,0.003,9,0.9889963098753687
SUS304,0.059,0.003,11,0.990307423139588
SUS304,0.059,0.003,13,0.9971904298024001
SUS304,0.059,0.003,15,0.9981771818892398
SUS304,0.059,0.004,11,0.9939833861815611
SUS304,0.059,0.004,13,0.994750401667145
SUS304,0.059,0.004,15,0.9969596508925987
SUS304,0.059,0.004,5,0.9721594931081766
SUS304,0.059,0.004,7,0.9435550354141565
SUS304,0.059,0.004,9,0.9835544027924942
SUS304,0.059,0.005,5,0.9624713294755538
SUS304,0.059,0.005,7,0.9679866814613933
SUS304,0.059,0.005,9,0.9753557133817711
SUS304,0.059,0.005,11,0.9786888442278129
SUS304,0.059,0.005,13,0.9923515816959237
SUS304,0.059,0.005,15,0.9930390026375728
SUS304,0.108,0.003,5,0.9858609522450071
SUS304,0.108,0.003,7,0.9966361796182147
SUS304,0.108,0.003,9,0.9987490031278407
SUS304,0.108,0.003,11,0.9986050086351181
SUS304,0.108,0.003,13,0.9990111305661227
SUS304,0.108,0.003,15,0.9984195671066528
SUS304,0.108,0.004,5,0.9377338193043965
SUS304,0.108,0.004,7,0.9883980703439429
SUS304,0.108,0.004,9,0.9967780306880645
SUS304,0.108,0.004,11,0.9987258295486766
SUS304,0.108,0.004,13,0.999108175218016
SUS304,0.108,0.004,15,0.9990623605514721
SUS304,0.108,0.005,9,0.9951949399115919
SUS304,0.108,0.005,11,0.998115406803932
SUS304,0.108,0.005,13,0.9986592948943774
SUS304,0.108,0.005,15,0.9990409433594212
SUS304,0.108,0.005,5,0.8817705831101049
SUS304,0.108,0.005,7,0.9875381048057706
SUS304,0.108,0.006,7,0.98288301467404
SUS304,0.108,0.006,9,0.9962753431224487
SUS304,0.108,0.006,11,0.9981559595366954
SUS304,0.108,0.006,13,0.9981349303884771
SUS304,0.108,0.006,15,0.99937412103034
SUS304,0.108,0.006,5,0.9518248977957523
SUS304,0.108,0.007,5,0.9434641851220045
SUS304,0.108,0.007,7,0.9657066195331127
SUS304,0.108,0.007,9,0.9921132527768424
SUS304,0.108,0.007,11,0.9959283488386576
SUS304,0.108,0.007,13,0.9969867346536676
SUS304,0.108,0.007,15,0.9983974752939786
SUS304,0.108,0.008,5,0.9064557446078452
SUS304,0.108,0.008,7,0.9559889109532189
SUS304,0.108,0.008,9,0.9826691985036041
SUS304,0.108,0.008,11,0.99566972537834
SUS304,0.108,0.008,13,0.9984399724512929
SUS304,0.108,0.008,15,0.9980479193603565
SUS304,0.108,0.009,5,0.6727849501214334
SUS304,0.108,0.009,7,0.9592780088883253
SUS304,0.108,0.009,9,0.9898562304320675
SUS304,0.108,0.009,11,0.9900447380995403
SUS304,0.108,0.009,13,0.9967453784792728
SUS304,0.108,0.009,15,0.9980033419646835
SUS304,0.108,0.01,13,0.9944322105263512
SUS304,0.108,0.01,15,0.9979402906015219
SUS304,0.108,0.01,5,0.8732771704046839
SUS304,0.108,0.01,7,0.960203253429432
SUS304,0.108,0.01,9,0.9895149700900091
SUS304,0.108,0.01,11,0.9931677608158199
SUS304,0.157,0.004,5,0.9551854171815063
SUS304,0.157,0.004,7,0.9859311917827241
SUS304,0.157,0.004,9,0.9743868718607057
SUS304,0.157,0.004,11,0.9915148093233341
SUS304,0.157,0.004,13,0.9973458502548408
SUS304,0.157,0.004,15,0.997911379084252
SUS304,0.157,0.005,13,0.9929526167929758
SUS304,0.157,0.005,15,0.9975158257888592
SUS304,0.157,0.005,5,0.9225264731186801
SUS304,0.157,0.005,7,0.9700836535318905
SUS304,0.157,0.005,9,0.9796354012430296
SUS304,0.157,0.005,11,0.9828719201879693
SUS304,0.157,0.006,9,0.9717590627425092
SUS304,0.157,0.006,11,0.993335064205728
SUS304,0.157,0.006,13,0.9938953581133265
SUS304,0.157,0.006,15,0.9960490770996622
SUS304,0.157,0.006,5,0.9438464785362732
SUS304,0.157,0.006,7,0.9416248022060526
SUS304,0.157,0.007,5,0.9239286022344513
SUS304,0.157,0.007,7,0.9113208050356293
SUS304,0.157,0.007,9,0.9700116513034216
SUS304,0.157,0.007,11,0.9899326623227068
SUS304,0.157,0.007,13,0.9923780755547835
SUS304,0.157,0.007,15,0.9952796043419899
SUS304,0.157,0.008,5,0.8538591564631228
SUS304,0.157,0.008,7,0.91917437258923
SUS304,0.157,0.008,9,0.9865874108665157
SUS304,0.157,0.008,11,0.969020117729355
SUS304,0.157,0.008,13,0.9825019257043286
SUS304,0.157,0.008,15,0.9899920436622863
SUS304,0.157,0.009,5,0.835455461112625
SUS304,0.157,0.009,7,0.9126885276705481
SUS304,0.157,0.009,9,0.9715677871384524
SUS304,0.157,0.009,11,0.9692602314910294
SUS304,0.157,0.009,13,0.9821040064925294
SUS304,0.157,0.009,15,0.9973257362344068
SUS304,0.157,0.01,5,0.782038435018555
SUS304,0.157,0.01,7,0.929446050426416
SUS304,0.157,0.01,9,0.8860503435209778
SUS304,0.157,0.01,11,0.9799105875858665
SUS304,0.157,0.01,13,0.9681899951326657
SUS304,0.157,0.01,15,0.9790627599550645
SUS304,0.206,0.005,5,0.9843492699478403
SUS304,0.206,0.005,7,0.9858843712486199
SUS304,0.206,0.005,9,0.9918501619989013
SUS304,0.206,0.005,11,0.9910087890880153
SUS304,0.206,0.005,13,0.9960874403461136
SUS304,0.206,0.005,15,0.9951761684237849
SUS304,0.206,0.006,11,0.9896925626769025
SUS304,0.206,0.006,13,0.9938373088994958
SUS304,0.206,0.006,15,0.9971412899971375
SUS304,0.206,0.006,5,0.945099836121757
SUS304,0.206,0.006,7,0.98720424721033
SUS304,0.206,0.006,9,0.9891009617420685
SUS304,0.206,0.007,7,0.9767032195447009
SUS304,0.206,0.007,9,0.9890133892659495
SUS304,0.206,0.007,11,0.9842320617995376
SUS304,0.206,0.007,13,0.9950915356380812
SUS304,0.206,0.007,15,0.9943575227125222
SUS304,0.206,0.007,5,0.9443863561488869
SUS304,0.206,0.008,5,0.9068598340030367
SUS304,0.206,0.008,7,0.9515002323610566
SUS304,0.206,0.008,9,0.9719957298583395
SUS304,0.206,0.008,11,0.9867509121003832
SUS304,0.206,0.008,13,0.9917782898872473
SUS304,0.206,0.008,15,0.9932134487764624
SUS304,0.206,0.009,5,0.9159217821301994
SUS304,0.206,0.009,7,0.9395553243958419
SUS304,0.206,0.009,9,0.9790710066201636
SUS304,0.206,0.009,11,0.9921730328722144
SUS304,0.206,0.009,13,0.9902824479379527
SUS304,0.206,0.009,15,0.9958779516676795
SUS304,0.206,0.01,5,0.9091372585286852
SUS304,0.206,0.01,7,0.9478242198171257
SUS304,0.206,0.01,9,0.9696135743910477
SUS304,0.206,0.01,11,0.9867028983518907
SUS304,0.206,0.01,13,0.9898215199944312
SUS304,0.206,0.01,15,0.9958391462575046
SUS304,0.255,0.006,13,0.9957026181883019
SUS304,0.255,0.006,15,0.9968855744486929
SUS304,0.255,0.006,5,0.9899249203847637
SUS304,0.255,0.006,7,0.9862904140020484
SUS304,0.255,0.006,9,0.9900057814838016
SUS304,0.255,0.006,11,0.99581203138599
SUS304,0.255,0.007,9,0.9906035506073789
SUS304,0.255,0.007,11,0.9954862239871802
SUS304,0.255,0.007,13,0.9967979023092753
SUS304,0.255,0.007,15,0.9971754966984236
SUS304,0.255,0.007,5,0.975041037709736
SUS304,0.255,0.007,7,0.9921113175484111
SUS304,0.255,0.008,7,0.9733952955068763
SUS304,0.255,0.008,9,0.9881400247353126
SUS304,0.255,0.008,11,0.9971249999812558
SUS304,0.255,0.008,13,0.9958883430465648
SUS304,0.255,0.008,15,0.9971933451263448
SUS304,0.255,0.008,5,0.9519019501001729
SUS304,0.255,0.009,5,0.9589055990764487
SUS304,0.255,0.009,7,0.9870190296651389
SUS304,0.255,0.009,9,0.9831087455839651
SUS304,0.255,0.009,11,0.9922652537114157
SUS304,0.255,0.009,13,0.9953819057294746
SUS304,0.255,0.009,15,0.9984087774418857
SUS304,0.255,0.01,5,0.9708138954442694
SUS304,0.255,0.01,7,0.9790426021459716
SUS304,0.255,0.01,9,0.9779889238760908
SUS304,0.255,0.01,11,0.9948088925894044
SUS304,0.255,0.01,13,0.9951315659556015
SUS304,0.255,0.01,15,0.9971792440701673
SUS304,0.304,0.007,11,0.9958026890885638
SUS304,0.304,0.007,13,0.9966416480521099
SUS304,0.304,0.007,15,0.9971413875756663
SUS304,0.304,0.007,5,0.9880245808778112
SUS304,0.304,0.007,7,0.9897497492057006
SUS304,0.304,0.007,9,0.9908428432648853
SUS304,0.304,0.008,7,0.9934266087866687
SUS304,0.304,0.008,9,0.9933994517876147
SUS304,0.304,0.008,11,0.9958940878327295
SUS304,0.304,0.008,13,0.9969440215474872
SUS304,0.304,0.008,15,0.9977091048370098
SUS304,0.304,0.008,5,0.9742929216270424
SUS304,0.304,0.009,5,0.9760666399963893
SUS304,0.304,0.009,7,0.9906123521156496
SUS304,0.304,0.009,9,0.993477182848836
SUS304,0.304,0.009,11,0.9936596300060456
SUS304,0.304,0.009,13,0.9981355866723258
SUS304,0.304,0.009,15,0.9977527556164469
SUS304,0.304,0.01,5,0.9773256645498041
SUS304,0.304,0.01,7,0.9908671604738538
SUS304,0.304,0.01,9,0.9963988469328348
SUS304,0.304,0.01,11,0.9931132951861761
SUS304,0.304,0.01,13,0.9969239334172695
SUS304,0.304,0.01,15,0.9969222450419084
SUS304,0.353,0.008,9,0.9969680747081027
SUS304,0.353,0.008,11,0.9961581987041355
SUS304,0.353,0.008,13,0.9978864172261084
SUS304,0.353,0.008,15,0.9967260169856704
SUS304,0.353,0.008,5,0.9889140386193119
SUS304,0.353,0.008,7,0.9962551238798362
SUS304,0.353,0.009,5,0.9849273524264979
SUS304,0.353,0.009,7,0.9905832200914859
SUS304,0.353,0.009,9,0.9946183577278924
SUS304,0.353,0.009,11,0.9961399535824537
SUS304,0.353,0.009,13,0.9979676308510337
SUS304,0.353,0.009,15,0.9975300098525287
SUS304,0.353,0.01,5,0.9875180264579017
SUS304,0.353,0.01,7,0.9915178507928025
SUS304,0.353,0.01,9,0.9949539747047534
SUS304,0.353,0.01,11,0.9951991599069965
SUS304,0.353,0.01,13,0.9967017511191661
SUS304,0.353,0.01,15,0.9977358601981493
SUS304,0.402,0.009,7,0.9938031579326266
SUS304,0.402,0.009,9,0.9955000900480538
SUS304,0.402,0.009,11,0.9985412656985748
SUS304,0.402,0.009,13,0.9969085690117513
SUS304,0.402,0.009,15,0.996468966437887
SUS304,0.402,0.009,5,0.9897988227664489
SUS304,0.402,0.01,5,0.9927510435990987
SUS304,0.402,0.01,7,0.9949584093784173
SUS304,0.402,0.01,9,0.9935993631902003
SUS304,0.402,0.01,11,0.9978376320638175
SUS304,0.402,0.01,13,0.9979082997842653
SUS304,0.402,0.01,15,0.9975040315117312
SUS304,0.451,0.01,5,0.994477271388477
SUS304,0.451,0.01,7,0.9962915645421622
SUS304,0.451,0.01,9,0.9958878195871748
SUS304,0.451,0.01,11,0.9983295149937056
SUS304,0.451,0.01,13,0.9978513645652527
SUS304,0.451,0.01,15,0.9970869416985757
SUS304,0.5,0.01,7,0.9960959677023694
SUS304,0.5,0.01,9,0.9978767455778116
SUS304,0.5,0.01,11,0.9976642347650513
SUS304,0.5,0.01,13,0.9979630913806825
SUS304,0.5,0.01,15,0.9951884862452308
SUS304,0.5,0.01,5,0.994640324268743
NiTi,0.01,0.001,5,0.965800204232152
NiTi,0.01,0.001,7,0.9664833141011362
NiTi,0.01,0.001,9,0.9781587287674716
NiTi,0.01,0.001,11,0.9847287450559166
NiTi,0.01,0.001,13,0.9954984889384586
NiTi,0.01,0.001,15,0.9974598014639161
NiTi,0.059,0.002,5,0.9968288206920187
NiTi,0.059,0.002,7,0.9747674235881499
NiTi,0.059,0.002,9,0.9948375802929873
NiTi,0.059,0.002,11,0.9953922050591858
NiTi,0.059,0.002,13,0.998212690229566
NiTi,0.059,0.002,15,0.998535409982491
NiTi,0.059,0.003,7,0.9918659756216516
NiTi,0.059,0.003,9,0.9889963098753687
NiTi,0.059,0.003,11,0.990307423139588
NiTi,0.059,0.003,13,0.9971904298024001
NiTi,0.059,0.003,15,0.9981771818892398
NiTi,0.059,0.003,5,0.9836496564704992
NiTi,0.059,0.004,5,0.9721594931081766
NiTi,0.059,0.004,7,0.9435550354141565
NiTi,0.059,0.004,9,0.9835544027924942
NiTi,0.059,0.004,11,0.9939833861815611
NiTi,0.059,0.004,13,0.994750401667145
NiTi,0.059,0.004,15,0.9969596508925987
NiTi,0.059,0.005,15,0.9930390026375728
NiTi,0.059,0.005,5,0.9624713294755538
NiTi,0.059,0.005,7,0.9679866814613933
NiTi,0.059,0.005,9,0.9753557133817711
NiTi,0.059,0.005,11,0.9786888442278129
NiTi,0.059,0.005,13,0.9923515816959237
NiTi,0.108,0.003,13,0.9990111305661227
NiTi,0.108,0.003,15,0.9984195671066528
NiTi,0.108,0.003,5,0.9858609522450071
NiTi,0.108,0.003,7,0.9966361796182147
NiTi,0.108,0.003,9,0.9987490031278407
NiTi,0.108,0.003,11,0.9986050086351181
NiTi,0.108,0.004,5,0.9377338193043965
NiTi,0.108,0.004,7,0.9883980703439429
NiTi,0.108,0.004,9,0.9967780306880645
NiTi,0.108,0.004,11,0.9987258295486766
NiTi,0.108,0.004,13,0.999108175218016
NiTi,0.108,0.004,15,0.9990623605514721
NiTi,0.108,0.005,5,0.8817705831101049
NiTi,0.108,0.005,7,0.9875381048057706
NiTi,0.108,0.005,9,0.9951949399115919
NiTi,0.108,0.005,11,0.998115406803932
NiTi,0.108,0.005,13,0.9986592948943774
NiTi,0.108,0.005,15,0.9990409433594212
NiTi,0.108,0.006,15,0.99937412103034
NiTi,0.108,0.006,5,0.9518248977957523
NiTi,0.108,0.006,7,0.98288301467404
NiTi,0.108,0.006,9,0.9962753431224487
NiTi,0.108,0.006,11,0.9981559595366954
NiTi,0.108,0.006,13,0.9981349303884771
NiTi,0.108,0.007,11,0.9959283488386576
NiTi,0.108,0.007,13,0.9969867346536676
NiTi,0.108,0.007,15,0.9983974752939786
NiTi,0.108,0.007,5,0.9434641851220045
NiTi,0.108,0.007,7,0.9657066195331127
NiTi,0.108,0.007,9,0.9921132527768424
NiTi,0.108,0.008,7,0.9559889109532189
NiTi,0.108,0.008,9,0.9826691985036041
NiTi,0.108,0.008,11,0.99566972537834
NiTi,0.108,0.008,13,0.9984399724512929
NiTi,0.108,0.008,15,0.9980479193603565
NiTi,0.108,0.008,5,0.9064557446078452
NiTi,0.108,0.009,5,0.6727849501214334
NiTi,0.108,0.009,7,0.9592780088883253
NiTi,0.108,0.009,9,0.9898562304320675
NiTi,0.108,0.009,11,0.9900447380995403
NiTi,0.108,0.009,13,0.9967453784792728
NiTi,0.108,0.009,15,0.9980033419646835
NiTi,0.108,0.01,5,0.8732771704046839
NiTi,0.108,0.01,7,0.960203253429432
NiTi,0.108,0.01,9,0.9895149700900091
NiTi,0.108,0.01,11,0.9931677608158199
NiTi,0.108,0.01,13,0.9944322105263512
NiTi,0.108,0.01,15,0.9979402906015219
NiTi,0.157,0.004,9,0.9743868718607057
NiTi,0.157,0.004,11,0.9915148093233341
NiTi,0.157,0.004,13,0.9973458502548408
NiTi,0.157,0.004,15,0.997911379084252
NiTi,0.157,0.004,5,0.9551854171815063
NiTi,0.157,0.004,7,0.9859311917827241
NiTi,0.157,0.005,5,0.9225264731186801
NiTi,0.157,0.005,7,0.9700836535318905
NiTi,0.157,0.005,9,0.9796354012430296
NiTi,0.157,0.005,11,0.9828719201879693
NiTi,0.157,0.005,13,0.9929526167929758
NiTi,0.157,0.005,15,0.9975158257888592
NiTi,0.157,0.006,5,0.9438464785362732
NiTi,0.157,0.006,7,0.9416248022060526
NiTi,0.157,0.006,9,0.9717590627425092
NiTi,0.157,0.006,11,0.993335064205728
NiTi,0.157,0.006,13,0.9938953581133265
NiTi,0.157,0.006,15,0.9960490770996622
NiTi,0.157,0.007,15,0.9952796043419899
NiTi,0.157,0.007,5,0.9239286022344513
NiTi,0.157,0.007,7,0.9113208050356293
NiTi,0.157,0.007,9,0.9700116513034216
NiTi,0.157,0.007,11,0.9899326623227068
NiTi,0.157,0.007,13,0.9923780755547835
NiTi,0.157,0.008,9,0.9865874108665157
NiTi,0.157,0.008,11,0.969020117729355
NiTi,0.157,0.008,13,0.9825019257043286
NiTi,0.157,0.008,15,0.9899920436622863
NiTi,0.157,0.008,5,0.8538591564631228
NiTi,0.157,0.008,7,0.91917437258923
NiTi,0.157,0.009,7,0.9126885276705481
NiTi,0.157,0.009,9,0.9715677871384524
NiTi,0.157,0.009,11,0.9692602314910294
NiTi,0.157,0.009,13,0.9821040064925294
NiTi,0.157,0.009,15,0.9973257362344068
NiTi,0.157,0.009,5,0.835455461112625
NiTi,0.157,0.01,5,0.782038435018555
NiTi,0.157,0.01,7,0.929446050426416
NiTi,0.157,0.01,9,0.8860503435209778
NiTi,0.157,0.01,11,0.9799105875858665
NiTi,0.157,0.01,13,0.9681899951326657
NiTi,0.157,0.01,15,0.9790627599550645
NiTi,0.206,0.005,5,0.9843492699478403
NiTi,0.206,0.005,7,0.9858843712486199
NiTi,0.206,0.005,9,0.9918501619989013
NiTi,0.206,0.005,11,0.9910087890880153
NiTi,0.206,0.005,13,0.9960874403461136
NiTi,0.206,0.005,15,0.9951761684237849
NiTi,0.206,0.006,5,0.945099836121757
NiTi,0.206,0.006,7,0.98720424721033
NiTi,0.206,0.006,9,0.9891009617420685
NiTi,0.206,0.006,11,0.9896925626769025
NiTi,0.206,0.006,13,0.9938373088994958
NiTi,0.206,0.006,15,0.9971412899971375
NiTi,0.206,0.007,5,0.9443863561488869
NiTi,0.206,0.007,7,0.9767032195447009
NiTi,0.206,0.007,9,0.9890133892659495
NiTi,0.206,0.007,11,0.9842320617995376
NiTi,0.206,0.007,13,0.9950915356380812
NiTi,0.206,0.007,15,0.9943575227125222
NiTi,0.206,0.008,13,0.9917782898872473
NiTi,0.206,0.008,15,0.9932134487764624
NiTi,0.206,0.008,5,0.9068598340030367
NiTi,0.206,0.008,7,0.9515002323610566
NiTi,0.206,0.008,9,0.9719957298583395
NiTi,0.206,0.008,11,0.9867509121003832
NiTi,0.206,0.009,9,0.9790710066201636
NiTi,0.206,0.009,11,0.9921730328722144
NiTi,0.206,0.009,13,0.9902824479379527
NiTi,0.206,0.009,15,0.9958779516676795
NiTi,0.206,0.009,5,0.9159217821301994
NiTi,0.206,0.009,7,0.9395553243958419
NiTi,0.206,0.01,7,0.9478242198171257
NiTi,0.206,0.01,9,0.9696135743910477
NiTi,0.206,0.01,11,0.9867028983518907
NiTi,0.206,0.01,13,0.9898215199944312
NiTi,0.206,0.01,15,0.9958391462575046
NiTi,0.206,0.01,5,0.9091372585286852
NiTi,0.255,0.006,5,0.9899249203847637
NiTi,0.255,0.006,7,0.9862904140020484
NiTi,0.255,0.006,9,0.9900057814838016
NiTi,0.255,0.006,11,0.99581203138599
NiTi,0.255,0.006,13,0.9957026181883019
NiTi,0.255,0.006,15,0.9968855744486929
NiTi,0.255,0.007,5,0.975041037709736
NiTi,0.255,0.007,7,0.9921113175484111
NiTi,0.255,0.007,9,0.9906035506073789
NiTi,0.255,0.007,11,0.9954862239871802
NiTi,0.255,0.007,13,0.9967979023092753
NiTi,0.255,0.007,15,0.9971754966984236
NiTi,0.255,0.008,15,0.9971933451263448
NiTi,0.255,0.008,5,0.9519019501001729
NiTi,0.255,0.008,7,0.9733952955068763
NiTi,0.255,0.008,9,0.9881400247353126
NiTi,0.255,0.008,11,0.9971249999812558
NiTi,0.255,0.008,13,0.9958883430465648
NiTi,0.255,0.009,11,0.9922652537114157
NiTi,0.255,0.009,13,0.9953819057294746
NiTi,0.255,0.009,15,0.9984087774418857
NiTi,0.255,0.009,5,0.9589055990764487
NiTi,0.255,0.009,7,0.9870190296651389
NiTi,0.255,0.009,9,0.9831087455839651
NiTi,0.255,0.01,9,0.9779889238760908
NiTi,0.255,0.01,11,0.9948088925894044
NiTi,0.255,0.01,13,0.9951315659556015
NiTi,0.255,0.01,15,0.9971792440701673
NiTi,0.255,0.01,5,0.9708138954442694
NiTi,0.255,0.01,7,0.9790426021459716
NiTi,0.304,0.007,5,0.9880245808778112
NiTi,0.304,0.007,7,0.9897497492057006
NiTi,0.304,0.007,9,0.9908428432648853
NiTi,0.304,0.007,11,0.9958026890885638
NiTi,0.304,0.007,13,0.9966416480521099
NiTi,0.304,0.007,15,0.9971413875756663
NiTi,0.304,0.008,5,0.9742929216270424
NiTi,0.304,0.008,7,0.9934266087866687
NiTi,0.304,0.008,9,0.9933994517876147
NiTi,0.304,0.008,11,0.9958940878327295
NiTi,0.304,0.008,13,0.9969440215474872
NiTi,0.304,0.008,15,0.9977091048370098
NiTi,0.304,0.009,13,0.9981355866723258
NiTi,0.304,0.009,15,0.9977527556164469
NiTi,0.304,0.009,5,0.9760666399963893
NiTi,0.304,0.009,7,0.9906123521156496
NiTi,0.304,0.009,9,0.993477182848836
NiTi,0.304,0.009,11,0.9936596300060456
NiTi,0.304,0.01,9,0.9963988469328348
NiTi,0.304,0.01,11,0.9931132951861761
NiTi,0.304,0.01,13,0.9969239334172695
NiTi,0.304,0.01,15,0.9969222450419084
NiTi,0.304,0.01,5,0.9773256645498041
NiTi,0.304,0.01,7,0.9908671604738538
NiTi,0.353,0.008,5,0.9889140386193119
NiTi,0.353,0.008,7,0.9962551238798362
NiTi,0.353,0.008,9,0.9969680747081027
NiTi,0.353,0.008,11,0.9961581987041355
NiTi,0.353,0.008,13,0.9978864172261084
NiTi,0.353,0.008,15,0.9967260169856704
NiTi,0.353,0.009,15,0.9975300098525287
NiTi,0.353,0.009,5,0.9849273524264979
NiTi,0.353,0.009,7,0.9905832200914859
NiTi,0.353,0.009,9,0.9946183577278924
NiTi,0.353,0.009,11,0.9961399535824537
NiTi,0.353,0.009,13,0.9979676308510337
NiTi,0.353,0.01,11,0.9951991599069965
NiTi,0.353,0.01,13,0.9967017511191661
NiTi,0.353,0.01,15,0.9977358601981493
NiTi,0.353,0.01,5,0.9875180264579017
NiTi,0.353,0.01,7,0.9915178507928025
NiTi,0.353,0.01,9,0.9949539747047534
NiTi,0.402,0.009,5,0.9897988227664489
NiTi,0.402,0.009,7,0.9938031579326266
NiTi,0.402,0.009,9,0.9955000900480538
NiTi,0.402,0.009,11,0.9985412656985748
NiTi,0.402,0.009,13,0.9969085690117513
NiTi,0.402,0.009,15,0.996468966437887
NiTi,0.402,0.01,13,0.9979082997842653
NiTi,0.402,0.01,15,0.9975040315117312
NiTi,0.402,0.01,5,0.9927510435990987
NiTi,0.402,0.01,7,0.9949584093784173
NiTi,0.402,0.01,9,0.9935993631902003
NiTi,0.402,0.01,11,0.9978376320638175
NiTi,0.451,0.01,15,0.9970869416985757
NiTi,0.451,0.01,5,0.994477271388477
NiTi,0.451,0.01,7,0.9962915645421622
NiTi,0.451,0.01,9,0.9958878195871748
NiTi,0.451,0.01,11,0.9983295149937056
NiTi,0.451,0.01,13,0.9978513645652527
NiTi,0.5,0.01,15,0.9951884862452308
NiTi,0.5,0.01,5,0.994640324268743
NiTi,0.5,0.01,7,0.9960959677023694
NiTi,0.5,0.01,9,0.9978767455778116
NiTi,0.5,0.01,11,0.9976642347650513
NiTi,0.5,0.01,13,0.9979630913806825
SiliconeRubber,0.01,0.001,5,0.7215578435773364
SiliconeRubber,0.01,0.001,7,0.9500063934799431
SiliconeRubber,0.01,0.001,9,0.9798079897114694
SiliconeRubber,0.01,0.001,11,0.986729788525052
SiliconeRubber,0.01,0.001,13,0.9913046669554335
SiliconeRubber,0.01,0.001,15,0.9975870434616768
SiliconeRubber,0.059,0.002,5,0.9939389904974419
SiliconeRubber,0.059,0.002,7,0.990011112313856
SiliconeRubber,0.059,0.002,9,0.9920432658003087
SiliconeRubber,0.059,0.002,11,0.9947019732619797
SiliconeRubber,0.059,0.002,13,0.9980197539269355
SiliconeRubber,0.059,0.002,15,0.9986304296731183
SiliconeRubber,0.059,0.003,9,0.9850452141825644
SiliconeRubber,0.059,0.003,11,0.9939958112309992
SiliconeRubber,0.059,0.003,13,0.9976109097092071
SiliconeRubber,0.059,0.003,15,0.9971167828888234
SiliconeRubber,0.059,0.003,5,0.9818284483717706
SiliconeRubber,0.059,0.003,7,0.9871610956850507
SiliconeRubber,0.059,0.004,5,0.9578032680347719
SiliconeRubber,0.059,0.004,7,0.9698269103149791
SiliconeRubber,0.059,0.004,9,0.9775978031924467
SiliconeRubber,0.059,0.004,11,0.9749296068941161
SiliconeRubber,0.059,0.004,13,0.9968027254656683
SiliconeRubber,0.059,0.004,15,0.9972883418821632
SiliconeRubber,0.059,0.005,5,0.9379869157879548
SiliconeRubber,0.059,0.005,7,0.9413588429073854
SiliconeRubber,0.059,0.005,9,0.9705444796318744
SiliconeRubber,0.059,0.005,11,0.9793378943016573
SiliconeRubber,0.059,0.005,13,0.994054192503832
SiliconeRubber,0.059,0.005,15,0.9961944129190432
SiliconeRubber,0.108,0.003,5,0.9841870165811478
SiliconeRubber,0.108,0.003,7,0.9971291572755747
SiliconeRubber,0.108,0.003,9,0.9974285551256996
SiliconeRubber,0.108,0.003,11,0.9991624792132537
SiliconeRubber,0.108,0.003,13,0.9988660435153578
SiliconeRubber,0.108,0.003,15,0.9984963809482453
SiliconeRubber,0.108,0.004,7,0.9905542016601648
SiliconeRubber,0.108,0.004,9,0.995723849279182
SiliconeRubber,0.108,0.004,11,0.9979125945025655
SiliconeRubber,0.108,0.004,13,0.9988591699286289
SiliconeRubber,0.108,0.004,15,0.9989939862717115
SiliconeRubber,0.108,0.004,5,0.9841162588259519
SiliconeRubber,0.108,0.005,5,0.893957723598925
SiliconeRubber,0.108,0.005,7,0.9810595264191244
SiliconeRubber,0.108,0.005,9,0.9958739682358613
SiliconeRubber,0.108,0.005,11,0.9974831351892243
SiliconeRubber,0.108,0.005,13,0.9987911232671308
SiliconeRubber,0.108,0.005,15,0.9992655954014081
SiliconeRubber,0.108,0.006,5,0.9348434214741524
SiliconeRubber,0.108,0.006,7,0.9917321253310039
SiliconeRubber,0.108,0.006,9,0.9969361869030147
SiliconeRubber,0.108,0.006,11,0.9973427102741672
SiliconeRubber,0.108,0.006,13,0.9974999723296035
SiliconeRubber,0.108,0.006,15,0.9991770923011525
SiliconeRubber,0.108,0.007,13,0.9981440630292591
SiliconeRubber,0.108,0.007,15,0.9987050761734263
SiliconeRubber,0.108,0.007,5,0.9480216804365795
SiliconeRubber,0.108,0.007,7,0.9746525051156265
SiliconeRubber,0.108,0.007,9,0.9884885209589718
SiliconeRubber,0.108,0.007,11,0.9980353972350227
SiliconeRubber,0.108,0.008,9,0.9871994316616151
SiliconeRubber,0.108,0.008,11,0.9962359876911372
SiliconeRubber,0.108,0.008,13,0.995633125224726
SiliconeRubber,0.108,0.008,15,0.9989717604993796
SiliconeRubber,0.108,0.008,5,0.9437114261405295
SiliconeRubber,0.108,0.008,7,0.9755872843885537
SiliconeRubber,0.108,0.009,7,0.9819615738172137
SiliconeRubber,0.108,0.009,9,0.9892968727536603
SiliconeRubber,0.108,0.009,11,0.9887627001275585
SiliconeRubber,0.108,0.009,13,0.9974358788531662
SiliconeRubber,0.108,0.009,15,0.9965550794802747
SiliconeRubber,0.108,0.009,5,0.8723891972216773
SiliconeRubber,0.108,0.01,5,0.736166152700775
SiliconeRubber,0.108,0.01,7,0.9801454959709577
SiliconeRubber,0.108,0.01,9,0.9898297509646885
SiliconeRubber,0.108,0.01,11,0.9944522447753615
SiliconeRubber,0.108,0.01,13,0.9973711867275682
SiliconeRubber,0.108,0.01,15,0.9951923389485285
SiliconeRubber,0.157,0.004,11,0.9895363155492258
SiliconeRubber,0.157,0.004,13,0.9942433394287913
SiliconeRubber,0.157,0.004,15,0.9981759659646963
SiliconeRubber,0.157,0.004,5,0.9769281468302785
SiliconeRubber,0.157,0.004,7,0.982680923032379
SiliconeRubber,0.157,0.004,9,0.9870936595850607
SiliconeRubber,0.157,0.005,7,0.9807102243919338
SiliconeRubber,0.157,0.005,9,0.9836730075758336
SiliconeRubber,0.157,0.005,11,0.9890434541669629
SiliconeRubber,0.157,0.005,13,0.9940077363759102
SiliconeRubber,0.157,0.005,15,0.9962038128084973
SiliconeRubber,0.157,0.005,5,0.9346377231639814
SiliconeRubber,0.157,0.006,5,0.9542538993058629
SiliconeRubber,0.157,0.006,7,0.9414889999395197
SiliconeRubber,0.157,0.006,9,0.9792383474796694
SiliconeRubber,0.157,0.006,11,0.9822179472874594
SiliconeRubber,0.157,0.006,13,0.991927121104897
SiliconeRubber,0.157,0.006,15,0.9967069856321841
SiliconeRubber,0.157,0.007,5,0.8914873754455546
SiliconeRubber,0.157,0.007,7,0.8747801902970214
SiliconeRubber,0.157,0.007,9,0.9645255680643217
SiliconeRubber,0.157,0.007,11,0.9783695595772981
SiliconeRubber,0.157,0.007,13,0.9895284734388881
SiliconeRubber,0.157,0.007,15,0.9871430773157575
SiliconeRubber,0.157,0.008,13,0.9913992466895782
SiliconeRubber,0.157,0.008,15,0.993841978241893
SiliconeRubber,0.157,0.008,5,0.8255244981204566
SiliconeRubber,0.157,0.008,7,0.931880089684083
SiliconeRubber,0.157,0.008,9,0.9806670043808687
SiliconeRubber,0.157,0.008,11,0.978066765399348
SiliconeRubber,0.157,0.009,9,0.9754255923613601
SiliconeRubber,0.157,0.009,11,0.9813523079416648
SiliconeRubber,0.157,0.009,13,0.9804157956681226
SiliconeRubber,0.157,0.009,15,0.9955372629460196
SiliconeRubber,0.157,0.009,5,0.8475958766056036
SiliconeRubber,0.157,0.009,7,0.9463231977184631
SiliconeRubber,0.157,0.01,7,0.9395224438019564
SiliconeRubber,0.157,0.01,9,0.9210323530822845
SiliconeRubber,0.157,0.01,11,0.968578905779425
SiliconeRubber,0.157,0.01,13,0.9880657030834697
SiliconeRubber,0.157,0.01,15,0.9744311403185789
SiliconeRubber,0.157,0.01,5,0.7483057426493387
SiliconeRubber,0.206,0.005,7,0.9865660467391997
SiliconeRubber,0.206,0.005,9,0.9937604457461263
SiliconeRubber,0.206,0.005,11,0.9927654272477326
SiliconeRubber,0.206,0.005,13,0.9952421309353694
SiliconeRubber,0.206,0.005,15,0.9973299965035779
SiliconeRubber,0.206,0.005,5,0.9659663105324383
SiliconeRubber,0.206,0.006,5,0.9644787795409758
SiliconeRubber,0.206,0.006,7,0.9827273060922882
SiliconeRubber,0.206,0.006,9,0.9877857248366272
SiliconeRubber,0.206,0.006,11,0.9911406472216967
SiliconeRubber,0.206,0.006,13,0.9967947188522438
SiliconeRubber,0.206,0.006,15,0.9961878640824341
SiliconeRubber,0.206,0.007,5,0.9441143456910168
SiliconeRubber,0.206,0.007,7,0.9701834206525267
SiliconeRubber,0.206,0.007,9,0.9753812772540542
SiliconeRubber,0.206,0.007,11,0.9888833191302759
SiliconeRubber,0.206,0.007,13,0.9933509514140041
SiliconeRubber,0.206,0.007,15,0.9938645200189602
SiliconeRubber,0.206,0.008,5,0.9134922006090268
SiliconeRubber,0.206,0.008,7,0.9642146933977351
SiliconeRubber,0.206,0.008,9,0.9775352769940817
SiliconeRubber,0.206,0.008,11,0.9897504121030027
SiliconeRubber,0.206,0.008,13,0.9943489693724106
SiliconeRubber,0.206,0.008,15,0.994649293695139
SiliconeRubber,0.206,0.009,13,0.994336209817922
SiliconeRubber,0.206,0.009,15,0.9937649881495662
SiliconeRubber,0.206,0.009,5,0.9071006909986705
SiliconeRubber,0.206,0.009,7,0.971010937379182
SiliconeRubber,0.206,0.009,9,0.9881489352772755
SiliconeRubber,0.206,0.009,11,0.993090107735478
SiliconeRubber,0.206,0.01,9,0.9697673457940872
SiliconeRubber,0.206,0.01,11,0.980528847081077
SiliconeRubber,0.206,0.01,13,0.9879915017583352
SiliconeRubber,0.206,0.01,15,0.9924749151942076
SiliconeRubber,0.206,0.01,5,0.8905226629658805
SiliconeRubber,0.206,0.01,7,0.945391100294034
SiliconeRubber,0.255,0.006,5,0.9863947433416245
SiliconeRubber,0.255,0.006,7,0.9838475367345898
SiliconeRubber,0.255,0.006,9,0.9975972683666581
SiliconeRubber,0.255,0.006,11,0.9956564262346828
SiliconeRubber,0.255,0.006,13,0.9951151300491533
SiliconeRubber,0.255,0.006,15,0.9963132213242897
SiliconeRubber,0.255,0.007,5,0.9648250159366205
SiliconeRubber,0.255,0.007,7,0.9844712049681952
SiliconeRubber,0.255,0.007,9,0.9929232421428246
SiliconeRubber,0.255,0.007,11,0.9967469289690366
SiliconeRubber,0.255,0.007,13,0.9955700850880491
SiliconeRubber,0.255,0.007,15,0.99788922139657
SiliconeRubber,0.255,0.008,5,0.9645006954119805
SiliconeRubber,0.255,0.008,7,0.976308978911691
SiliconeRubber,0.255,0.008,9,0.9921688327313073
SiliconeRubber,0.255,0.008,11,0.9955617194096097
SiliconeRubber,0.255,0.008,13,0.9958251966322167
SiliconeRubber,0.255,0.008,15,0.997305850666324
SiliconeRubber,0.255,0.009,15,0.9978017777745043
SiliconeRubber,0.255,0.009,5,0.9524133273471693
SiliconeRubber,0.255,0.009,7,0.9800965232751238
SiliconeRubber,0.255,0.009,9,0.9910719656724069
SiliconeRubber,0.255,0.009,11,0.9860478695803954
SiliconeRubber,0.255,0.009,13,0.9961518283894188
SiliconeRubber,0.255,0.01,11,0.982494236697089
SiliconeRubber,0.255,0.01,13,0.991280181435667
SiliconeRubber,0.255,0.01,15,0.9943010224080041
SiliconeRubber,0.255,0.01,5,0.9682251578459166
SiliconeRubber,0.255,0.01,7,0.9533111394112971
SiliconeRubber,0.255,0.01,9,0.9885367280077565
SiliconeRubber,0.304,0.007,5,0.9811211477592534
SiliconeRubber,0.304,0.007,7,0.9914376604079478
SiliconeRubber,0.304,0.007,9,0.9932417126395626
SiliconeRubber,0.304,0.007,11,0.996837607286872
SiliconeRubber,0.304,0.007,13,0.9971231042123138
SiliconeRubber,0.304,0.007,15,0.9960545758691798
SiliconeRubber,0.304,0.008,5,0.9768007605391184
SiliconeRubber,0.304,0.008,7,0.9929666499586579
SiliconeRubber,0.304,0.008,9,0.9927213814993897
SiliconeRubber,0.304,0.008,11,0.9963233204420461
SiliconeRubber,0.304,0.008,13,0.995302876549734
SiliconeRubber,0.304,0.008,15,0.9969949744595771
SiliconeRubber,0.304,0.009,5,0.981926975003346
SiliconeRubber,0.304,0.009,7,0.9884157844501045
SiliconeRubber,0.304,0.009,9,0.9944346179575716
SiliconeRubber,0.304,0.009,11,0.9958998320502505
SiliconeRubber,0.304,0.009,13,0.9960715257911684
SiliconeRubber,0.304,0.009,15,0.9978278213560772
SiliconeRubber,0.304,0.01,13,0.994162608699825
SiliconeRubber,0.304,0.01,15,0.996105455463377
SiliconeRubber,0.304,0.01,5,0.9786522254037311
SiliconeRubber,0.304,0.01,7,0.9908493072691698
SiliconeRubber,0.304,0.01,9,0.9936439845321042
SiliconeRubber,0.304,0.01,11,0.9953690862738918
SiliconeRubber,0.353,0.008,5,0.9869419193378484
SiliconeRubber,0.353,0.008,7,0.9957765809994078
SiliconeRubber,0.353,0.008,9,0.9971723477066886
SiliconeRubber,0.353,0.008,11,0.9980953779015587
SiliconeRubber,0.353,0.008,13,0.9977991804487116
SiliconeRubber,0.353,0.008,15,0.9965295569390267
SiliconeRubber,0.353,0.009,5,0.986032402398896
SiliconeRubber,0.353,0.009,7,0.9922181444461832
SiliconeRubber,0.353,0.009,9,0.993454393349177
SiliconeRubber,0.353,0.009,11,0.9961859733082784
SiliconeRubber,0.353,0.009,13,0.9983297877576217
SiliconeRubber,0.353,0.009,15,0.9973899058417063
SiliconeRubber,0.353,0.01,15,0.9980312435884341
SiliconeRubber,0.353,0.01,5,0.9868454530612472
SiliconeRubber,0.353,0.01,7,0.993393587536617
SiliconeRubber,0.353,0.01,9,0.9911390277574764
SiliconeRubber,0.353,0.01,11,0.9956120221962983
SiliconeRubber,0.353,0.01,13,0.99699669069453
SiliconeRubber,0.402,0.009,5,0.9897629363916824
SiliconeRubber,0.402,0.009,7,0.9943514570280858
SiliconeRubber,0.402,0.009,9,0.995551010833073
SiliconeRubber,0.402,0.009,11,0.9981173988727948
SiliconeRubber,0.402,0.009,13,0.9979225236822219
SiliconeRubber,0.402,0.009,15,0.9965748080297433
SiliconeRubber,0.402,0.01,5,0.9928736766973889
SiliconeRubber,0.402,0.01,7,0.994402406676621
SiliconeRubber,0.402,0.01,9,0.9952639598892008
SiliconeRubber,0.402,0.01,11,0.9969854825221528
SiliconeRubber,0.402,0.01,13,0.9985610863962199
SiliconeRubber,0.402,0.01,15,0.9973474975991072
SiliconeRubber,0.451,0.01,5,0.9926133597759811
SiliconeRubber,0.451,0.01,7,0.995303209580763
SiliconeRubber,0.451,0.01,9,0.997624519113934
SiliconeRubber,0.451,0.01,11,0.9974857912716496
SiliconeRubber,0.451,0.01,13,0.9981122087321865
SiliconeRubber,0.451,0.01,15,0.9967015737809202
SiliconeRubber,0.5,0.01,5,0.9940266714409931
SiliconeRubber,0.5,0.01,7,0.9949914345455458
SiliconeRubber,0.5,0.01,9,0.996681648733219
SiliconeRubber,0.5,0.01,11,0.9977724400048933
SiliconeRubber,0.5,0.01,13,0.998031370963674
SiliconeRubber,0.5,0.01,15,0.9951414430627876
