Material,Length,radius,Fratio,TDL,slope,intercept,AvgCurv,CurvDiff
SUS304,0.01,0.001,11,0.0007549912588064031,-1080.359972038046,80.90092574083053,75.4991258806403,5.4017998601902235
SUS304,0.01,0.001,13,0.0009094695704374049,-1578.627876935861,98.84009642841978,90.94695704374048,7.893139384679301
SUS304,0.01,0.001,15,0.001071109330342843,-2211.4552179350057,118.16820912395934,107.1109330342843,11.057276089675042
SUS304,0.01,0.001,5,0.0003256053908971333,-206.5826784224738,33.5934524818257,32.56053908971333,1.0329133921123699
SUS304,0.01,0.001,7,0.00046367555172780763,-408.8904512504681,48.41200742903311,46.36755517278076,2.044452256252349
SUS304,0.01,0.001,9,0.0006065933767951604,-698.4030192413531,64.1513527757228,60.659337679516035,3.4920150962067638
SUS304,0.059,0.002,9,0.0013432310607734432,-60.20241182022057,13.159285223047721,11.383314074351214,1.7759711486965077
SUS304,0.059,0.002,11,0.001715310948671363,-94.0197294742262,17.310115482806307,14.536533463316637,2.7735820194896696
SUS304,0.059,0.002,13,0.0021268186012651648,-141.95414958158162,22.21153386405637,18.023886451399704,4.187647412656666
SUS304,0.059,0.002,15,0.002596740475093322,-209.04053394451083,28.17297096401834,22.00627521265527,6.1666957513630685
SUS304,0.059,0.002,5,0.0006891945346045094,-17.419009100970374,6.354492417669385,5.840631649190758,0.5138607684786267
SUS304,0.059,0.002,7,0.001003806031024337,-34.581217959322956,9.526976701192714,8.506830771392687,1.0201459298000266
SUS304,0.059,0.003,5,0.0010040183896846229,-11.45874586726228,6.01045328378832,5.672420280704084,0.3380330030842362
SUS304,0.059,0.003,7,0.0014449248164294644,-23.07859184135245,8.844235501294271,8.163417041974375,0.6808184593198963
SUS304,0.059,0.003,9,0.0019112919450007307,-39.61438950191617,11.966884066581843,10.798259576275315,1.1686244903065273
SUS304,0.059,0.003,11,0.002407976999012403,-61.410758729232306,15.416007207441178,13.604389824928829,1.811617382512349
SUS304,0.059,0.003,13,0.0029394667371577094,-90.82236162259743,19.286416374972326,16.607156707105702,2.6792596678666243
SUS304,0.059,0.003,15,0.00351634835150102,-129.50842906889133,23.686873524769698,19.866374867237404,3.820498657532294
SUS304,0.059,0.004,11,0.0031081448491271113,-45.98265771910073,14.526593695624959,13.170105292911488,1.3564884027134703
SUS304,0.059,0.004,13,0.0037686295233214095,-66.87898220061078,17.94169914153416,15.968769166616143,1.9729299749180154
SUS304,0.059,0.004,15,0.0044690334268830635,-94.92784603719856,21.736953775398465,18.936582317301117,2.8003714580973487
SUS304,0.059,0.004,5,0.0013193624491185055,-8.671942019408858,5.846341141769619,5.590518852197057,0.2558222895725617
SUS304,0.059,0.004,7,0.0018886332483814849,-17.162052824395115,8.508963814173404,8.00268325585375,0.5062805583196539
SUS304,0.059,0.004,9,0.0024834577537885465,-29.547258485640146,11.394770200701581,10.523126075375197,0.8716441253263838
SUS304,0.059,0.005,5,0.001635950398223807,-6.870446684940418,5.7482727474559345,5.545594570250193,0.20267817720574133
SUS304,0.059,0.005,7,0.002333571904540276,-13.830383569880597,8.318409551041228,7.91041323572975,0.40799631531147806
SUS304,0.059,0.005,9,0.003058992420182204,-23.5213341804734,11.063345189450082,10.369465831126115,0.6938793583239669
SUS304,0.059,0.005,11,0.0038139348041208556,-36.842483716636394,14.01544582598266,12.928592556341883,1.0868532696407769
SUS304,0.059,0.005,13,0.0046060909934283085,-53.36482395996069,17.188130081152085,15.613867774333249,1.5742623068188362
SUS304,0.059,0.005,15,0.005438006836986016,-75.13561659512669,20.65042217086476,18.433921481308527,2.2165006895562342
SUS304,0.108,0.003,5,0.001054615928386817,-6.2707697057953755,3.5936089974055947,3.254987433292645,0.3386215641129495
SUS304,0.108,0.003,7,0.0015471223155184453,-12.619256608543616,5.456508731918285,4.77506887505693,0.6814398568613544
SUS304,0.108,0.003,9,0.0020864062294368903,-22.09065893418173,7.6324209819423885,6.439525399496575,1.1928955824458134
SUS304,0.108,0.003,11,0.0026880920643039537,-34.994052369398545,10.186259273330087,8.296580445382572,1.889678827947515
SUS304,0.108,0.003,13,0.0033727349634955356,-53.57232239418934,13.30258122254405,10.409675813257827,2.8929054092862234
SUS304,0.108,0.003,15,0.004190314899160264,-81.46398236129632,17.332125723930567,12.933070676420567,4.39905504751
SUS304,0.108,0.004,5,0.0013685517399339732,-4.681701567621039,3.420755727091288,3.1679438424397532,0.2528118846515346
SUS304,0.108,0.004,7,0.0019850438474945183,-9.668474858642778,5.117106548604021,4.595008906237311,0.5220976423667096
SUS304,0.108,0.004,9,0.002651455648691786,-16.275365131574947,7.016498533521216,6.137628816416171,0.8788697171050446
SUS304,0.108,0.004,11,0.003372304404195744,-25.631038222645795,9.19033625892043,7.806260194897556,1.3840760640228744
SUS304,0.108,0.004,13,0.0041647483433540616,-38.3386924806762,11.710910559127946,9.640621165171437,2.070289393956509
SUS304,0.108,0.004,15,0.0050561608336718656,-55.87191200327654,14.72115925204699,11.704076003870059,3.017083248176931
SUS304,0.108,0.005,9,0.003219430506637895,-12.928921324753672,6.66007009716243,5.961908345625731,0.6981617515366993
SUS304,0.108,0.005,11,0.004065147005835652,-20.238640081626592,8.620936575214598,7.528050010806763,1.0928865644078352
SUS304,0.108,0.005,13,0.004977283437631834,-29.98769934912237,10.836527316022668,9.217191551170064,1.6193357648526039
SUS304,0.108,0.005,15,0.005975892527999542,-42.94930778235299,13.385730264690658,11.066467644443595,2.3192626202470628
SUS304,0.108,0.005,5,0.0016848943831281457,-3.5487814630904055,3.311808982577521,3.1201747835706404,0.19163419900688083
SUS304,0.108,0.005,7,0.002426824371413612,-7.661788445351131,4.907855782370464,4.494119206321503,0.41373657604896064
SUS304,0.108,0.006,7,0.0028706035024201972,-6.2599584664419465,4.767981433762244,4.4299436765743785,0.3380377571878652
SUS304,0.108,0.006,9,0.0037888603647685377,-10.804967001983986,6.430474953861051,5.847006735753916,0.5834682181071349
SUS304,0.108,0.006,11,0.004762390941957872,-16.776329037713356,8.255290505625828,7.349368737589309,0.905921768036519
SUS304,0.108,0.006,13,0.005799296877668558,-24.733553650231237,10.285144115736806,8.949532218624318,1.3356118971124875
SUS304,0.108,0.006,15,0.0069174475585345825,-35.04768570959114,12.5676484211182,10.675073392800282,1.8925750283179177
SUS304,0.108,0.006,5,0.0019961027064389464,-3.303801762164469,3.2588107063280947,3.080405411171214,0.17840529515688086
SUS304,0.108,0.007,5,0.0023115029183088482,-2.847817561212868,3.211325691042066,3.057543542736572,0.1537821483054942
SUS304,0.108,0.007,7,0.0033129740197732197,-5.446292648157288,4.676340569896287,4.3822407668957934,0.29409980300049376
SUS304,0.108,0.007,9,0.004362566730029434,-9.136068820140428,6.263938629024927,5.770590912737346,0.49334771628758123
SUS304,0.108,0.007,11,0.005463205036316846,-14.34922591076295,8.001319887430997,7.226461688249796,0.7748581991812005
SUS304,0.108,0.007,13,0.006628741964007089,-21.0304175365313,9.903819748040267,8.768177201067578,1.1356425469726883
SUS304,0.108,0.007,15,0.00787215661963826,-29.643433702444803,12.013651001464105,10.41290558153209,1.6007454199320144
SUS304,0.108,0.008,5,0.0026288021083770525,-2.4054672272994626,3.1724902631179814,3.0425950328438107,0.12989523027417071
SUS304,0.108,0.008,7,0.0037575568697474707,-4.759385526196202,4.606030973214907,4.349024154800313,0.2570068184145944
SUS304,0.108,0.008,9,0.004936181707446732,-8.007391677625643,6.145572423099577,5.713173272507792,0.43239915059178546
SUS304,0.108,0.008,11,0.006167918538421798,-12.501033333221066,7.813850404648795,7.1387946046548585,0.6750557999939364
SUS304,0.108,0.008,13,0.007462062679358304,-18.409103512913383,9.630738209324988,8.636646619627667,0.9940915896973213
SUS304,0.108,0.008,15,0.008835536864401815,-25.74619440469334,11.616610313133318,10.226315815279879,1.3902944978534393
SUS304,0.108,0.009,5,0.002948727208496141,-1.9358335773631257,3.138204980766231,3.0336699675886227,0.10453501317760816
SUS304,0.108,0.009,7,0.004202459329765908,-4.26491794987531,4.553823398270537,4.3235178289772715,0.2303055692932654
SUS304,0.108,0.009,9,0.005511130449322335,-7.162545385827457,6.0566647443761825,5.669887293541498,0.3867774508346846
SUS304,0.108,0.009,11,0.006873821295348356,-11.167695981240163,7.6748881913700515,7.071832608383083,0.6030555829869684
SUS304,0.108,0.009,13,0.008303067506126183,-16.197535587242303,9.416917442417034,8.54225052070595,0.8746669217110838
SUS304,0.108,0.009,15,0.009806673213152262,-22.74797284121671,11.317560505804568,10.08916997237887,1.2283905334256975
SUS304,0.108,0.01,13,0.009145906247621835,-14.575678203385046,9.255518333743748,8.468431710760958,0.7870866229827893
SUS304,0.108,0.01,15,0.010782290313890379,-20.493900626551284,11.090272776324861,9.983602142491092,1.1066706338337688
SUS304,0.108,0.01,5,0.003264806998285445,-1.7914680255885898,3.119708716238677,3.0229694428568936,0.09673927338178334
SUS304,0.108,0.01,7,0.004650100112833567,-3.7784838570778043,4.509686380905873,4.305648252623673,0.20403812828220058
SUS304,0.108,0.01,9,0.006089310330799932,-6.405346439865341,5.984139014048962,5.638250306296233,0.34588870775272884
SUS304,0.108,0.01,11,0.007582393435035776,-10.103987082989374,7.566349964551588,7.020734662070163,0.5456153024814245
SUS304,0.157,0.004,5,0.0014181404403815472,-3.341774378827047,2.5205147033582205,2.258185414620298,0.2623292887379223
SUS304,0.157,0.004,7,0.002090316660090852,-6.545801574531623,3.842375137121196,3.3285297135204646,0.5138454236007313
SUS304,0.157,0.004,9,0.0028310086631471213,-11.413459646030882,5.403932160473172,4.507975578259748,0.8959565822134241
SUS304,0.157,0.004,11,0.003662644908598985,-18.318950417885496,7.270274723407491,5.83223711560348,1.4380376078040111
SUS304,0.157,0.004,13,0.004627174296350982,-28.158267864290412,9.578535964211419,7.368111936864621,2.2104240273467974
SUS304,0.157,0.004,15,0.005810086562974289,-43.75438315112348,12.68644927318212,9.251730195818931,3.434719077363189
SUS304,0.157,0.005,13,0.0054002095358293666,-21.716986025770534,8.584031219366128,6.879247816343142,1.7047834030229865
SUS304,0.157,0.005,15,0.006629263883087368,-31.95648256972286,10.95350602578358,8.44492214406034,2.50858388172324
SUS304,0.157,0.005,5,0.001733866314880632,-2.564669770918651,2.410073474954224,2.2087468979371105,0.20132657701711354
SUS304,0.157,0.005,7,0.0025275538555665352,-5.304494374461147,3.636216637142377,3.2198138287471783,0.41640280839519894
SUS304,0.157,0.005,9,0.0033927295474334637,-9.064801235174095,5.033535365029272,4.321948468068106,0.7115868969611663
SUS304,0.157,0.005,11,0.00434413086313395,-14.193982343354403,6.648152280365996,5.533924666412675,1.1142276139533207
SUS304,0.157,0.006,9,0.003957002964886841,-7.5549113387954785,4.793700630208864,4.200640090113419,0.5930605400954452
SUS304,0.157,0.006,11,0.005029132475579248,-11.77012703393031,6.262736793372921,5.338781821209393,0.9239549721635285
SUS304,0.157,0.006,13,0.006202592051857382,-17.560828594705303,7.963017668736788,6.584492624052422,1.3785250446843662
SUS304,0.157,0.006,15,0.007514357663671789,-25.594382127397896,9.986184117671424,7.977025120670688,2.0091589970007364
SUS304,0.157,0.006,5,0.002045957345940073,-2.223407580197191,2.3464667370200796,2.1719292419746,0.17453749504547966
SUS304,0.157,0.006,7,0.0029665173200837925,-4.465052296534869,3.4996757348786165,3.149169129600629,0.3505066052779875
SUS304,0.157,0.007,5,0.0023621386397680417,-1.8459186593879955,2.294257335206035,2.149352720444078,0.14490461476195682
SUS304,0.157,0.007,7,0.003409351378611514,-3.7636996469973005,3.3976809760759226,3.1022305537866366,0.295450422289286
SUS304,0.157,0.007,9,0.00452698063429701,-6.366752146913822,4.6189716943944354,4.119181650861702,0.4997900435327338
SUS304,0.157,0.007,11,0.005721921443428164,-10.001157384420448,5.991570785002904,5.2064799303259,0.7850908546770041
SUS304,0.157,0.007,13,0.007020738957913869,-14.605915637256135,7.53486188245078,6.388297504926177,1.1465643775246033
SUS304,0.157,0.007,15,0.008435332903685491,-21.294998935804276,9.347119567220862,7.675462150760228,1.6716574164606337
SUS304,0.157,0.008,5,0.0026763367826822667,-1.635872292593594,2.259257362454478,2.130841387485881,0.1284159749685969
SUS304,0.157,0.008,7,0.003851973365791145,-3.2685819145469206,3.3234414556033536,3.066857775311421,0.25658368029193257
SUS304,0.157,0.008,9,0.005093775648003838,-5.64833242279564,4.498947955065122,4.055553859875667,0.44339409518945505
SUS304,0.157,0.008,11,0.0064217431215414155,-8.570728681384008,5.785655005263654,5.112852803775012,0.6728022014886417
SUS304,0.157,0.008,13,0.007837280776126814,-12.754142129034289,7.241073386529521,6.23987322940033,1.0012001571291913
SUS304,0.157,0.008,15,0.00937579587177385,-18.16139305886736,8.890474985514276,7.464805630393192,1.4256693551210837
SUS304,0.157,0.009,5,0.0029931397254278676,-1.4076449085001785,2.2287872629166037,2.1182871375993404,0.11050012531726328
SUS304,0.157,0.009,7,0.0042969260577106205,-2.843608989741972,3.264218392538778,3.0409950868440347,0.22322330569474325
SUS304,0.157,0.009,9,0.0056669444136878775,-4.95169090208579,4.399284107850447,4.010576372036715,0.38870773581373275
SUS304,0.157,0.009,11,0.007117857567294162,-7.677326662035638,5.640078187763965,5.03740804479417,0.6026701429697949
SUS304,0.157,0.009,13,0.008657895973140914,-11.395752925825667,7.021881518435923,6.127314913758609,0.8945666046773137
SUS304,0.157,0.009,15,0.010316908504773112,-16.11456728497274,8.566414978985089,7.301421447114729,1.2649935318703598
SUS304,0.157,0.01,5,0.003307368539018045,-1.2999455538317395,2.208649890955437,2.1066041649796463,0.10204572597579054
SUS304,0.157,0.01,7,0.004738591861899661,-2.605329673325145,3.2227297563621757,3.0182113770061534,0.20451837935602235
SUS304,0.157,0.01,9,0.006246052350723732,-4.266590728128865,4.313304665612719,3.978377293454606,0.3349273721581132
SUS304,0.157,0.01,11,0.007820453474979209,-6.866688210855048,5.520215581863719,4.981180557311598,0.5390350245521214
SUS304,0.157,0.01,13,0.009488102750831331,-10.190939479657207,6.8433662974533025,6.043377548300211,0.7999887491530915
SUS304,0.157,0.01,15,0.011286525035838824,-13.994982282089067,8.287475558722859,7.188869449578868,1.098606109143991
SUS304,0.206,0.005,5,0.0017839981825038807,-2.00802806224212,1.9388639608030556,1.732037070392117,0.2068268904109385
SUS304,0.206,0.005,7,0.002633950613971092,-3.9934085880927577,2.968554690370732,2.557233605797177,0.4113210845735549
SUS304,0.206,0.005,9,0.0035768389652889036,-6.947571894614677,4.188259094746189,3.4726591896008774,0.7155999051453117
SUS304,0.206,0.005,11,0.004640254382668689,-11.20762264438417,5.6594864747683555,4.505101342396785,1.1543851323715701
SUS304,0.206,0.005,13,0.005884795847167968,-17.393135393593642,7.504886971916814,5.713394026376667,1.7914929455401465
SUS304,0.206,0.005,15,0.007445854977103282,-27.343593841897103,10.045375580378785,7.228985414663382,2.8163901657154033
SUS304,0.206,0.006,11,0.005315805549019259,-9.1255064438206,5.240740714699978,4.300813550986455,0.9399271637135227
SUS304,0.206,0.006,13,0.006648555663345467,-13.92084133347422,6.812936999860358,5.379090342512513,1.4338466573478446
SUS304,0.206,0.006,15,0.008220541901745716,-20.957921093221202,8.809589741328093,6.6509238687263075,2.1586658726017856
SUS304,0.206,0.006,5,0.002099607612210908,-1.618079278863812,1.865373826087785,1.6987116603648125,0.16666216572297254
SUS304,0.206,0.006,7,0.0030724541610947873,-3.3157871279124786,2.827330411630315,2.4858043374553294,0.3415260741749857
SUS304,0.206,0.006,9,0.004137232867854791,-5.74063859195721,3.938561558025632,3.3472757830540383,0.5912857749715936
SUS304,0.206,0.007,7,0.0035124898337697717,-2.823783415034182,2.7266956236276974,2.435845931879176,0.29084969174852127
SUS304,0.206,0.007,9,0.004699229104279573,-4.928309080043736,3.766443230722711,3.2588273954782063,0.5076158352445046
SUS304,0.206,0.007,11,0.005999485894403579,-7.717548920754573,4.955438672266,4.160531133428279,0.7949075388377214
SUS304,0.206,0.007,13,0.007441390118983065,-11.565064558169762,6.3516663644589375,5.160464714967452,1.1912016494914859
SUS304,0.206,0.007,15,0.00908425189146492,-17.03918420446404,8.054794566308702,6.299758593248906,1.7550359730597966
SUS304,0.206,0.007,5,0.002412243194855948,-1.4121075905414768,1.8182925706301742,1.6728454888044022,0.14544708182577204
SUS304,0.206,0.008,5,0.0027272808155509995,-1.2210178167141221,1.780668242616093,1.6549034074945386,0.12576483512155434
SUS304,0.206,0.008,7,0.003953685714283752,-2.4537799893777685,2.651820476214013,2.399081137308102,0.25273933890591094
SUS304,0.206,0.008,9,0.0052665421470848165,-4.272100828024856,3.635743707546765,3.1957173222602044,0.44002638528656046
SUS304,0.206,0.008,11,0.006687099269984255,-6.712295039828823,4.749072256811262,4.057705867708893,0.6913663891023694
SUS304,0.206,0.008,13,0.008245430670755317,-9.941980384947655,6.027319289573952,5.003295309924343,1.0240239796496091
SUS304,0.206,0.008,15,0.009986095318924046,-14.383730241581619,7.541048073453323,6.059523858570416,1.4815242148829073
SUS304,0.206,0.009,5,0.0030395832273879923,-1.1216807430109874,1.755006270461088,1.6394731539309562,0.11553311653013187
SUS304,0.206,0.009,7,0.004393706295841291,-2.200224346346086,2.59647547867758,2.369852371003933,0.2266231076736469
SUS304,0.206,0.009,9,0.005833413752980044,-3.801423640139384,3.5379402449559563,3.146393610021599,0.3915466349343575
SUS304,0.206,0.009,11,0.007380562515395873,-5.913001676445716,4.589925103308146,3.980885930634236,0.60903917267391
SUS304,0.206,0.009,13,0.009053855959771519,-8.793289643243316,5.789126287284009,4.883417454029946,0.9057088332540628
SUS304,0.206,0.009,15,0.01089773638753187,-12.637262576896537,7.179597261996327,5.877959216575982,1.3016380454203453
SUS304,0.206,0.01,5,0.0033561397119973493,-0.9844256902541114,1.7305898810463434,1.6291940349501695,0.10139584609617391
SUS304,0.206,0.01,7,0.004835087516155615,-1.983350951013295,2.551415010165833,2.3471298622114634,0.2042851479543697
SUS304,0.206,0.01,9,0.006405754489649802,-3.3662428632325425,3.456312572995381,3.1095895580824284,0.34672301491295254
SUS304,0.206,0.01,11,0.00808003317711565,-5.23662411065738,4.461718485881036,3.9223462024833253,0.5393722833977108
SUS304,0.206,0.01,13,0.009874385536163356,-7.816639755249336,5.598504931763185,4.793391036972503,0.805113894790682
SUS304,0.206,0.01,15,0.011826391957453029,-11.262537915013521,6.901008374883785,5.740966969637393,1.1600414052463925
SUS304,0.255,0.006,13,0.00714136047248958,-11.863902115226418,6.180203384063643,4.667555864372274,1.5126475196913685
SUS304,0.255,0.006,15,0.009083856867814075,-18.842154557055753,8.339536057537078,5.937161351512468,2.4023747060246103
SUS304,0.255,0.006,5,0.0021502128664225963,-1.3321823010416822,1.575221129933531,1.4053678865507166,0.16985324338281438
SUS304,0.255,0.006,7,0.0031748299282689445,-2.7348850108821328,2.423750079586128,2.0750522406986565,0.3486978388874715
SUS304,0.255,0.006,9,0.0043203054528674545,-4.713142462061159,3.4246547180745317,2.823729054161735,0.6009256639127969
SUS304,0.255,0.006,11,0.005615662244486078,-7.613668436033289,4.641110205650504,3.67036748005626,0.9707427255942442
SUS304,0.255,0.007,9,0.00487938612838301,-4.014240211446789,3.2453652787146536,2.733549651755188,0.5118156269594656
SUS304,0.255,0.007,11,0.00629240220432183,-6.332059738617288,4.332492913212544,3.52515529653884,0.8073376166737041
SUS304,0.255,0.007,13,0.00789391742680504,-9.821618087594583,5.674619010260768,4.422362704092459,1.2522563061683094
SUS304,0.255,0.007,15,0.009826478994823407,-14.867352953993821,7.400617750834999,5.5050302492007885,1.8955875016342105
SUS304,0.255,0.007,5,0.0024631641353401027,-1.1470355680240172,1.5261709202676579,1.3799238853445954,0.14624703492306246
SUS304,0.255,0.007,7,0.003614669770891181,-2.313565885296983,2.3200047321071193,2.025025081731754,0.2949796503753652
SUS304,0.255,0.008,7,0.004054579181468378,-2.0112218921906817,2.2439696056995944,1.9875388144452832,0.2564307912543111
SUS304,0.255,0.008,9,0.005442497273496063,-3.4855827625919393,3.112302622571679,2.6678908203412073,0.4444118022304715
SUS304,0.255,0.008,11,0.0069724118666627385,-5.476337243894606,4.116081952843002,3.4178489542464403,0.6982329985965618
SUS304,0.255,0.008,13,0.008679874275720596,-8.319659044916989,5.315596859462502,4.254840331235586,1.060756528226916
SUS304,0.255,0.008,15,0.010659044111273415,-12.398473016073712,6.805826932722644,5.225021623173243,1.580805309549401
SUS304,0.255,0.008,5,0.002777640841556737,-0.9946241451923317,1.4884032263339524,1.36158864782193,0.1268145785120225
SUS304,0.255,0.009,5,0.003090809843182875,-0.8922415168302993,1.460518895000602,1.3467581016047387,0.11376079339586331
SUS304,0.255,0.009,7,0.004493092980967089,-1.7988164284931796,2.187123814008519,1.9577747193756383,0.22934909463288067
SUS304,0.255,0.009,9,0.0060074189526392015,-3.083847469757044,3.010802296463392,2.617611744069369,0.3931905523940231
SUS304,0.255,0.009,11,0.007658173917792335,-4.820840122689997,3.9515520689293964,3.336894953286421,0.6146571156429754
SUS304,0.255,0.009,13,0.009475896021489908,-7.267257571185427,5.055506068644185,4.128930728318043,0.9265753403261421
SUS304,0.255,0.009,15,0.011535486050975147,-10.67994246491203,6.388048242043233,5.0263555777669495,1.3616926642762834
SUS304,0.255,0.01,5,0.0034047030834262805,-0.8068544674828187,1.438051624379071,1.335177679775012,0.10287394460405919
SUS304,0.255,0.01,7,0.004933287329219772,-1.62143414952708,2.1413553361116713,1.9346224820469693,0.206732854064702
SUS304,0.255,0.01,9,0.0065715656852142765,-2.7874383697927247,2.9324829745855436,2.5770845824369712,0.3553983921485724
SUS304,0.255,0.01,11,0.008344745858481236,-4.3360772494907955,3.825299205577227,3.2724493562671513,0.5528498493100757
SUS304,0.255,0.01,13,0.010283929571659868,-6.430972190509215,4.852862511803597,4.032913557513673,0.8199489542899236
SUS304,0.255,0.01,15,0.012440313274576597,-9.370428434261756,6.0732838506925315,4.878554225324156,1.1947296253683755
SUS304,0.304,0.007,11,0.00659319032252671,-5.490978263142635,3.932932418989555,3.098303722991875,0.8346286959976803
SUS304,0.304,0.007,13,0.008402569507370563,-8.575089996888982,5.251989575847879,3.9485758963207536,1.3034136795271252
SUS304,0.304,0.007,15,0.010728446016909908,-13.773012714533893,7.135060910480349,5.041562977871197,2.093497932609152
SUS304,0.304,0.007,5,0.00251474545775054,-0.9652498720833027,1.328459267093569,1.1817412865369077,0.1467179805566614
SUS304,0.304,0.007,7,0.00372003152359811,-1.9472810550754047,2.044121834844257,1.7481351144727961,0.2959867203714608
SUS304,0.304,0.007,9,0.005066758486919651,-3.376127924429074,2.8941669740807234,2.380995529567505,0.5131714445132185
SUS304,0.304,0.008,7,0.0041576560740019565,-1.7014749282001826,1.9681867195148632,1.709562530428436,0.25862418908642715
SUS304,0.304,0.008,9,0.005621327849284435,-2.9689915651647754,2.7626879717226585,2.311401253817613,0.45128671790504526
SUS304,0.304,0.008,11,0.007263820591441584,-4.707935013100942,3.702374457288046,2.986768335296704,0.7156061219913421
SUS304,0.304,0.008,13,0.009154330905801396,-7.203616467602185,4.859066029474133,3.7641163263986006,1.0949497030755322
SUS304,0.304,0.008,15,0.011442772637681129,-11.125610144828253,6.396180175270938,4.705087433257043,1.691092742013895
SUS304,0.304,0.008,5,0.0028291466768408263,-0.8347154661899155,1.290177193640812,1.163300442779945,0.12687675086086703
SUS304,0.304,0.009,5,0.0031405350037959022,-0.7583081575713908,1.2631192009873655,1.147856361036514,0.11526283995085151
SUS304,0.304,0.009,7,0.004597690371870892,-1.4998911898796055,1.9084258482414118,1.680442387379712,0.22798346086169974
SUS304,0.304,0.009,9,0.00618724274732899,-2.5923679216565403,2.655459056887478,2.261419132795684,0.394039924091794
SUS304,0.304,0.009,11,0.007946329585862937,-4.099060071887593,3.527417359677988,2.9043602287510737,0.6230571309269144
SUS304,0.304,0.009,13,0.009925289160994827,-6.267861515463953,4.580379117380795,3.6276641670302734,0.9527149503505212
SUS304,0.304,0.009,15,0.012249964161958258,-9.430478613718856,5.9107588318723465,4.477326082587083,1.4334327492852639
SUS304,0.304,0.01,5,0.003454935697977685,-0.6791490543784051,1.2397226621792288,1.136492005913712,0.10323065626551675
SUS304,0.304,0.01,7,0.005036217793165297,-1.3555692477248347,1.862697115511181,1.6566505898570056,0.20604652565417525
SUS304,0.304,0.01,9,0.0067520630976105256,-2.316558496649329,2.5731902788625813,2.2210733873718835,0.3521168914906978
SUS304,0.304,0.01,11,0.008626616022098034,-3.6751424187297426,3.3963242864949583,2.8377026388480373,0.558621647646921
SUS304,0.304,0.01,13,0.010716899040018957,-5.5248316919850895,4.365070154030075,3.525295736848341,0.8397744171817343
SUS304,0.304,0.01,15,0.013109567295728182,-8.195250258958591,5.558035702430185,4.312357663068481,1.2456780393617048
SUS304,0.353,0.008,9,0.005810214851364747,-2.5585041339943517,2.5090174992550835,2.0574415196050806,0.45157597965000296
SUS304,0.353,0.008,11,0.007575420880473424,-4.117505803742704,3.4092542504489107,2.682514476088323,0.7267397743605879
SUS304,0.353,0.008,13,0.009663505652638996,-6.497028340280998,4.568646767158389,3.4219212650987947,1.146725502059594
SUS304,0.353,0.008,15,0.012379003886401804,-10.49612350155565,6.236065757798581,4.38349995977401,1.852565798024571
SUS304,0.353,0.008,5,0.002880614665480307,-0.7229109772682182,1.1476414735644362,1.020047686076596,0.12759378748784034
SUS304,0.353,0.008,7,0.004263237485565063,-1.4699513201926417,1.7690914099846318,1.5096450019706311,0.25944640801400065
SUS304,0.353,0.009,5,0.0031946692687869578,-0.6377136793753839,1.1181180850540609,1.0055616206443054,0.11255646440975542
SUS304,0.353,0.009,7,0.004701992136210811,-1.2971026223600879,1.7089487281159328,1.4800101152693774,0.22893861284655537
SUS304,0.353,0.009,9,0.00636989154170949,-2.251150101260378,2.402330051956338,2.005002059083881,0.3973279928724569
SUS304,0.353,0.009,11,0.00824219633417988,-3.6057233383144442,3.2307432929707254,2.5943331237582252,0.6364101692125002
SUS304,0.353,0.009,13,0.010407249979143478,-5.573279343283241,4.259494310587282,3.2758105064977907,0.9836838040894915
SUS304,0.353,0.009,15,0.013064650554799403,-8.665558154866979,5.641731182668741,4.1122601683347195,1.529471014334021
SUS304,0.353,0.01,5,0.003507069190618463,-0.5794309287062778,1.095773578921888,0.9935040200052304,0.10226955891665768
SUS304,0.353,0.01,7,0.005138285410029155,-1.1761035185565822,1.663187203044827,1.455604932019591,0.20758227102523596
SUS304,0.353,0.01,9,0.006926632150779579,-2.0367827319666056,2.3217108917897202,1.9622187395976145,0.35949215219210573
SUS304,0.353,0.01,11,0.00891969689173634,-3.196318484770629,3.0909765275014887,2.526826314939473,0.5641502125620157
SUS304,0.353,0.01,13,0.011171829328049247,-4.910697572415045,4.031562293783166,3.1648241722519117,0.8667381215312542
SUS304,0.353,0.01,15,0.013853366625917057,-7.421338386631194,5.234332691505862,3.9244664662654554,1.3098662252404063
SUS304,0.402,0.009,7,0.0048046976534506045,-1.156632418560898,1.5604813619711513,1.3279982458404105,0.2324831161307408
SUS304,0.402,0.009,9,0.006555450035503349,-1.9979371763082547,2.213484221388581,1.8118988489506218,0.4015853724379592
SUS304,0.402,0.009,11,0.00855109884202345,-3.232587361984777,3.0132378546797387,2.3634877949207986,0.6497500597589401
SUS304,0.402,0.009,13,0.01092440966909068,-5.0943243236449645,4.043420125783065,3.0194609367304257,1.0239591890526394
SUS304,0.402,0.009,15,0.01403426320184312,-8.259762105020387,5.539223571125439,3.8790113880163406,1.6602121831090986
SUS304,0.402,0.009,5,0.0032462960249435816,-0.5622748120411248,1.0102798201234116,0.8972625829031458,0.1130172372202658
SUS304,0.402,0.01,5,0.003558958772561073,-0.5079550384001176,0.9874120902211777,0.8853131275027544,0.10209896271842334
SUS304,0.402,0.01,7,0.0052446487854878225,-1.0285668569279112,1.5113809396076394,1.3046390013651297,0.20674193824250975
SUS304,0.402,0.01,9,0.007107500282795878,-1.8093220969594095,2.131708637706721,1.76803489621788,0.3636737414888409
SUS304,0.402,0.01,11,0.00921905861265114,-2.8590147310939744,2.8679601233009184,2.29329816235103,0.5746619609498884
SUS304,0.402,0.01,13,0.011662851769909116,-4.43673060190183,3.7929897589198585,2.9012069079375906,0.8917828509822678
SUS304,0.402,0.01,15,0.01469772488007412,-6.928108240724304,5.048700224065715,3.656150467680129,1.3925497563855855
SUS304,0.451,0.01,5,0.0036089676894750784,-0.45961662906913986,0.9038581151488997,0.800214565293809,0.10364354985509072
SUS304,0.451,0.01,7,0.005348578262875877,-0.9260980603618503,1.3947726431827445,1.185937530571148,0.2088351126115966
SUS304,0.451,0.01,9,0.007302088872047306,-1.5988010870769438,1.979618086831483,1.619088441695633,0.36052964513584995
SUS304,0.451,0.01,11,0.009525963551013065,-2.6074855300529154,2.7001750271628664,2.1121870401359346,0.5879879870269318
SUS304,0.451,0.01,13,0.012186220087740559,-4.100703103300757,3.626752915146993,2.702044365352674,0.9247085497943193
SUS304,0.451,0.01,15,0.015684107004803566,-6.695052162289495,4.987363310224565,3.477629047628285,1.5097342625962802
SUS304,0.5,0.01,7,0.00545516203607321,-0.8384663250127787,1.3006489884678367,1.091032407214642,0.2096165812531947
SUS304,0.5,0.01,9,0.007488937754058983,-1.464775354477336,1.8639813894311303,1.4977875508117966,0.36619383861933374
SUS304,0.5,0.01,11,0.009855050457513148,-2.3822137386806466,2.5665635261727915,1.9710100915026296,0.5955534346701619
SUS304,0.5,0.01,13,0.01275374567088313,-3.8575460416184977,3.5151356445812505,2.550749134176626,0.9643865104046245
SUS304,0.5,0.01,15,0.016938826593137436,-6.68479593717865,5.058964302922149,3.387765318627487,1.6711989842946622
SUS304,0.5,0.01,5,0.0036624601562281985,-0.4114508416054694,0.8353547416470071,0.7324920312456397,0.10286271040136741
NiTi,0.01,0.001,5,0.0003256053908971333,-206.5826784224738,33.5934524818257,32.56053908971333,1.0329133921123699
NiTi,0.01,0.001,7,0.00046367555172780763,-408.8904512504681,48.41200742903311,46.36755517278076,2.044452256252349
NiTi,0.01,0.001,9,0.0006065933767951604,-698.4030192413531,64.1513527757228,60.659337679516035,3.4920150962067638
NiTi,0.01,0.001,11,0.0007549912588064031,-1080.359972038046,80.90092574083053,75.4991258806403,5.4017998601902235
NiTi,0.01,0.001,13,0.0009094695704374049,-1578.627876935861,98.84009642841978,90.94695704374048,7.893139384679301
NiTi,0.01,0.001,15,0.001071109330342843,-2211.4552179350057,118.16820912395934,107.1109330342843,11.057276089675042
NiTi,0.059,0.002,5,0.0006891945346045094,-17.419009100970374,6.354492417669385,5.840631649190758,0.5138607684786267
NiTi,0.059,0.002,7,0.001003806031024337,-34.581217959322956,9.526976701192714,8.506830771392687,1.0201459298000266
NiTi,0.059,0.002,9,0.0013432310607734432,-60.20241182022057,13.159285223047721,11.383314074351214,1.7759711486965077
NiTi,0.059,0.002,11,0.001715310948671363,-94.0197294742262,17.310115482806307,14.536533463316637,2.7735820194896696
NiTi,0.059,0.002,13,0.0021268186012651648,-141.95414958158162,22.21153386405637,18.023886451399704,4.187647412656666
NiTi,0.059,0.002,15,0.002596740475093322,-209.04053394451083,28.17297096401834,22.00627521265527,6.1666957513630685
NiTi,0.059,0.003,7,0.0014449248164294644,-23.07859184135245,8.844235501294271,8.163417041974375,0.6808184593198963
NiTi,0.059,0.003,9,0.0019112919450007307,-39.61438950191617,11.966884066581843,10.798259576275315,1.1686244903065273
NiTi,0.059,0.003,11,0.002407976999012403,-61.410758729232306,15.416007207441178,13.604389824928829,1.811617382512349
NiTi,0.059,0.003,13,0.0029394667371577094,-90.82236162259743,19.286416374972326,16.607156707105702,2.6792596678666243
NiTi,0.059,0.003,15,0.00351634835150102,-129.50842906889133,23.686873524769698,19.866374867237404,3.820498657532294
NiTi,0.059,0.003,5,0.0010040183896846229,-11.45874586726228,6.01045328378832,5.672420280704084,0.3380330030842362
NiTi,0.059,0.004,5,0.0013193624491185055,-8.671942019408858,5.846341141769619,5.590518852197057,0.2558222895725617
NiTi,0.059,0.004,7,0.0018886332483814849,-17.162052824395115,8.508963814173404,8.00268325585375,0.5062805583196539
NiTi,0.059,0.004,9,0.0024834577537885465,-29.547258485640146,11.394770200701581,10.523126075375197,0.8716441253263838
NiTi,0.059,0.004,11,0.0031081448491271113,-45.98265771910073,14.526593695624959,13.170105292911488,1.3564884027134703
NiTi,0.059,0.004,13,0.0037686295233214095,-66.87898220061078,17.94169914153416,15.968769166616143,1.9729299749180154
NiTi,0.059,0.004,15,0.0044690334268830635,-94.92784603719856,21.736953775398465,18.936582317301117,2.8003714580973487
NiTi,0.059,0.005,15,0.005438006836986016,-75.13561659512669,20.65042217086476,18.433921481308527,2.2165006895562342
NiTi,0.059,0.005,5,0.001635950398223807,-6.870446684940418,5.7482727474559345,5.545594570250193,0.20267817720574133
NiTi,0.059,0.005,7,0.002333571904540276,-13.830383569880597,8.318409551041228,7.91041323572975,0.40799631531147806
NiTi,0.059,0.005,9,0.003058992420182204,-23.5213341804734,11.063345189450082,10.369465831126115,0.6938793583239669
NiTi,0.059,0.005,11,0.0038139348041208556,-36.842483716636394,14.01544582598266,12.928592556341883,1.0868532696407769
NiTi,0.059,0.005,13,0.0046060909934283085,-53.36482395996069,17.188130081152085,15.613867774333249,1.5742623068188362
NiTi,0.108,0.003,13,0.0033727349634955356,-53.57232239418934,13.30258122254405,10.409675813257827,2.8929054092862234
NiTi,0.108,0.003,15,0.004190314899160264,-81.46398236129632,17.332125723930567,12.933070676420567,4.39905504751
NiTi,0.108,0.003,5,0.001054615928386817,-6.2707697057953755,3.5936089974055947,3.254987433292645,0.3386215641129495
NiTi,0.108,0.003,7,0.0015471223155184453,-12.619256608543616,5.456508731918285,4.77506887505693,0.6814398568613544
NiTi,0.108,0.003,9,0.0020864062294368903,-22.09065893418173,7.6324209819423885,6.439525399496575,1.1928955824458134
NiTi,0.108,0.003,11,0.0026880920643039537,-34.994052369398545,10.186259273330087,8.296580445382572,1.889678827947515
NiTi,0.108,0.004,5,0.0013685517399339732,-4.681701567621039,3.420755727091288,3.1679438424397532,0.2528118846515346
NiTi,0.108,0.004,7,0.0019850438474945183,-9.668474858642778,5.117106548604021,4.595008906237311,0.5220976423667096
NiTi,0.108,0.004,9,0.002651455648691786,-16.275365131574947,7.016498533521216,6.137628816416171,0.8788697171050446
NiTi,0.108,0.004,11,0.003372304404195744,-25.631038222645795,9.19033625892043,7.806260194897556,1.3840760640228744
NiTi,0.108,0.004,13,0.0041647483433540616,-38.3386924806762,11.710910559127946,9.640621165171437,2.070289393956509
NiTi,0.108,0.004,15,0.0050561608336718656,-55.87191200327654,14.72115925204699,11.704076003870059,3.017083248176931
NiTi,0.108,0.005,5,0.0016848943831281457,-3.5487814630904055,3.311808982577521,3.1201747835706404,0.19163419900688083
NiTi,0.108,0.005,7,0.002426824371413612,-7.661788445351131,4.907855782370464,4.494119206321503,0.41373657604896064
NiTi,0.108,0.005,9,0.003219430506637895,-12.928921324753672,6.66007009716243,5.961908345625731,0.6981617515366993
NiTi,0.108,0.005,11,0.004065147005835652,-20.238640081626592,8.620936575214598,7.528050010806763,1.0928865644078352
NiTi,0.108,0.005,13,0.004977283437631834,-29.98769934912237,10.836527316022668,9.217191551170064,1.6193357648526039
NiTi,0.108,0.005,15,0.005975892527999542,-42.94930778235299,13.385730264690658,11.066467644443595,2.3192626202470628
NiTi,0.108,0.006,15,0.0069174475585345825,-35.04768570959114,12.5676484211182,10.675073392800282,1.8925750283179177
NiTi,0.108,0.006,5,0.0019961027064389464,-3.303801762164469,3.2588107063280947,3.080405411171214,0.17840529515688086
NiTi,0.108,0.006,7,0.0028706035024201972,-6.2599584664419465,4.767981433762244,4.4299436765743785,0.3380377571878652
NiTi,0.108,0.006,9,0.0037888603647685377,-10.804967001983986,6.430474953861051,5.847006735753916,0.5834682181071349
NiTi,0.108,0.006,11,0.004762390941957872,-16.776329037713356,8.255290505625828,7.349368737589309,0.905921768036519
NiTi,0.108,0.006,13,0.005799296877668558,-24.733553650231237,10.285144115736806,8.949532218624318,1.3356118971124875
NiTi,0.108,0.007,11,0.005463205036316846,-14.34922591076295,8.001319887430997,7.226461688249796,0.7748581991812005
NiTi,0.108,0.007,13,0.006628741964007089,-21.0304175365313,9.903819748040267,8.768177201067578,1.1356425469726883
NiTi,0.108,0.007,15,0.00787215661963826,-29.643433702444803,12.013651001464105,10.41290558153209,1.6007454199320144
NiTi,0.108,0.007,5,0.0023115029183088482,-2.847817561212868,3.211325691042066,3.057543542736572,0.1537821483054942
NiTi,0.108,0.007,7,0.0033129740197732197,-5.446292648157288,4.676340569896287,4.3822407668957934,0.29409980300049376
NiTi,0.108,0.007,9,0.004362566730029434,-9.136068820140428,6.263938629024927,5.770590912737346,0.49334771628758123
NiTi,0.108,0.008,7,0.0037575568697474707,-4.759385526196202,4.606030973214907,4.349024154800313,0.2570068184145944
NiTi,0.108,0.008,9,0.004936181707446732,-8.007391677625643,6.145572423099577,5.713173272507792,0.43239915059178546
NiTi,0.108,0.008,11,0.006167918538421798,-12.501033333221066,7.813850404648795,7.1387946046548585,0.6750557999939364
NiTi,0.108,0.008,13,0.007462062679358304,-18.409103512913383,9.630738209324988,8.636646619627667,0.9940915896973213
NiTi,0.108,0.008,15,0.008835536864401815,-25.74619440469334,11.616610313133318,10.226315815279879,1.3902944978534393
NiTi,0.108,0.008,5,0.0026288021083770525,-2.4054672272994626,3.1724902631179814,3.0425950328438107,0.12989523027417071
NiTi,0.108,0.009,5,0.002948727208496141,-1.9358335773631257,3.138204980766231,3.0336699675886227,0.10453501317760816
NiTi,0.108,0.009,7,0.004202459329765908,-4.26491794987531,4.553823398270537,4.3235178289772715,0.2303055692932654
NiTi,0.108,0.009,9,0.005511130449322335,-7.162545385827457,6.0566647443761825,5.669887293541498,0.3867774508346846
NiTi,0.108,0.009,11,0.006873821295348356,-11.167695981240163,7.6748881913700515,7.071832608383083,0.6030555829869684
NiTi,0.108,0.009,13,0.008303067506126183,-16.197535587242303,9.416917442417034,8.54225052070595,0.8746669217110838
NiTi,0.108,0.009,15,0.009806673213152262,-22.74797284121671,11.317560505804568,10.08916997237887,1.2283905334256975
NiTi,0.108,0.01,5,0.003264806998285445,-1.7914680255885898,3.119708716238677,3.0229694428568936,0.09673927338178334
NiTi,0.108,0.01,7,0.004650100112833567,-3.7784838570778043,4.509686380905873,4.305648252623673,0.20403812828220058
NiTi,0.108,0.01,9,0.006089310330799932,-6.405346439865341,5.984139014048962,5.638250306296233,0.34588870775272884
NiTi,0.108,0.01,11,0.007582393435035776,-10.103987082989374,7.566349964551588,7.020734662070163,0.5456153024814245
NiTi,0.108,0.01,13,0.009145906247621835,-14.575678203385046,9.255518333743748,8.468431710760958,0.7870866229827893
NiTi,0.108,0.01,15,0.010782290313890379,-20.493900626551284,11.090272776324861,9.983602142491092,1.1066706338337688
NiTi,0.157,0.004,9,0.0028310086631471213,-11.413459646030882,5.403932160473172,4.507975578259748,0.8959565822134241
NiTi,0.157,0.004,11,0.003662644908598985,-18.318950417885496,7.270274723407491,5.83223711560348,1.4380376078040111
NiTi,0.157,0.004,13,0.004627174296350982,-28.158267864290412,9.578535964211419,7.368111936864621,2.2104240273467974
NiTi,0.157,0.004,15,0.005810086562974289,-43.75438315112348,12.68644927318212,9.251730195818931,3.434719077363189
NiTi,0.157,0.004,5,0.0014181404403815472,-3.341774378827047,2.5205147033582205,2.258185414620298,0.2623292887379223
NiTi,0.157,0.004,7,0.002090316660090852,-6.545801574531623,3.842375137121196,3.3285297135204646,0.5138454236007313
NiTi,0.157,0.005,5,0.001733866314880632,-2.564669770918651,2.410073474954224,2.2087468979371105,0.20132657701711354
NiTi,0.157,0.005,7,0.0025275538555665352,-5.304494374461147,3.636216637142377,3.2198138287471783,0.41640280839519894
NiTi,0.157,0.005,9,0.0033927295474334637,-9.064801235174095,5.033535365029272,4.321948468068106,0.7115868969611663
NiTi,0.157,0.005,11,0.00434413086313395,-14.193982343354403,6.648152280365996,5.533924666412675,1.1142276139533207
NiTi,0.157,0.005,13,0.0054002095358293666,-21.716986025770534,8.584031219366128,6.879247816343142,1.7047834030229865
NiTi,0.157,0.005,15,0.006629263883087368,-31.95648256972286,10.95350602578358,8.44492214406034,2.50858388172324
NiTi,0.157,0.006,5,0.002045957345940073,-2.223407580197191,2.3464667370200796,2.1719292419746,0.17453749504547966
NiTi,0.157,0.006,7,0.0029665173200837925,-4.465052296534869,3.4996757348786165,3.149169129600629,0.3505066052779875
NiTi,0.157,0.006,9,0.003957002964886841,-7.5549113387954785,4.793700630208864,4.200640090113419,0.5930605400954452
NiTi,0.157,0.006,11,0.005029132475579248,-11.77012703393031,6.262736793372921,5.338781821209393,0.9239549721635285
NiTi,0.157,0.006,13,0.006202592051857382,-17.560828594705303,7.963017668736788,6.584492624052422,1.3785250446843662
NiTi,0.157,0.006,15,0.007514357663671789,-25.594382127397896,9.986184117671424,7.977025120670688,2.0091589970007364
NiTi,0.157,0.007,15,0.008435332903685491,-21.294998935804276,9.347119567220862,7.675462150760228,1.6716574164606337
NiTi,0.157,0.007,5,0.0023621386397680417,-1.8459186593879955,2.294257335206035,2.149352720444078,0.14490461476195682
NiTi,0.157,0.007,7,0.003409351378611514,-3.7636996469973005,3.3976809760759226,3.1022305537866366,0.295450422289286
NiTi,0.157,0.007,9,0.00452698063429701,-6.366752146913822,4.6189716943944354,4.119181650861702,0.4997900435327338
NiTi,0.157,0.007,11,0.005721921443428164,-10.001157384420448,5.991570785002904,5.2064799303259,0.7850908546770041
NiTi,0.157,0.007,13,0.007020738957913869,-14.605915637256135,7.53486188245078,6.388297504926177,1.1465643775246033
NiTi,0.157,0.008,9,0.005093775648003838,-5.64833242279564,4.498947955065122,4.055553859875667,0.44339409518945505
NiTi,0.157,0.008,11,0.0064217431215414155,-8.570728681384008,5.785655005263654,5.112852803775012,0.6728022014886417
NiTi,0.157,0.008,13,0.007837280776126814,-12.754142129034289,7.241073386529521,6.23987322940033,1.0012001571291913
NiTi,0.157,0.008,15,0.00937579587177385,-18.16139305886736,8.890474985514276,7.464805630393192,1.4256693551210837
NiTi,0.157,0.008,5,0.0026763367826822667,-1.635872292593594,2.259257362454478,2.130841387485881,0.1284159749685969
NiTi,0.157,0.008,7,0.003851973365791145,-3.2685819145469206,3.3234414556033536,3.066857775311421,0.25658368029193257
NiTi,0.157,0.009,7,0.0042969260577106205,-2.843608989741972,3.264218392538778,3.0409950868440347,0.22322330569474325
NiTi,0.157,0.009,9,0.0056669444136878775,-4.95169090208579,4.399284107850447,4.010576372036715,0.38870773581373275
NiTi,0.157,0.009,11,0.007117857567294162,-7.677326662035638,5.640078187763965,5.03740804479417,0.6026701429697949
NiTi,0.157,0.009,13,0.008657895973140914,-11.395752925825667,7.021881518435923,6.127314913758609,0.8945666046773137
NiTi,0.157,0.009,15,0.010316908504773112,-16.11456728497274,8.566414978985089,7.301421447114729,1.2649935318703598
NiTi,0.157,0.009,5,0.0029931397254278676,-1.4076449085001785,2.2287872629166037,2.1182871375993404,0.11050012531726328
NiTi,0.157,0.01,5,0.003307368539018045,-1.2999455538317395,2.208649890955437,2.1066041649796463,0.10204572597579054
NiTi,0.157,0.01,7,0.004738591861899661,-2.605329673325145,3.2227297563621757,3.0182113770061534,0.20451837935602235
NiTi,0.157,0.01,9,0.006246052350723732,-4.266590728128865,4.313304665612719,3.978377293454606,0.3349273721581132
NiTi,0.157,0.01,11,0.007820453474979209,-6.866688210855048,5.520215581863719,4.981180557311598,0.5390350245521214
NiTi,0.157,0.01,13,0.009488102750831331,-10.190939479657207,6.8433662974533025,6.043377548300211,0.7999887491530915
NiTi,0.157,0.01,15,0.011286525035838824,-13.994982282089067,8.287475558722859,7.188869449578868,1.098606109143991
NiTi,0.206,0.005,5,0.0017839981825038807,-2.00802806224212,1.9388639608030556,1.732037070392117,0.2068268904109385
NiTi,0.206,0.005,7,0.002633950613971092,-3.9934085880927577,2.968554690370732,2.557233605797177,0.4113210845735549
NiTi,0.206,0.005,9,0.0035768389652889036,-6.947571894614677,4.188259094746189,3.4726591896008774,0.7155999051453117
NiTi,0.206,0.005,11,0.004640254382668689,-11.20762264438417,5.6594864747683555,4.505101342396785,1.1543851323715701
NiTi,0.206,0.005,13,0.005884795847167968,-17.393135393593642,7.504886971916814,5.713394026376667,1.7914929455401465
NiTi,0.206,0.005,15,0.007445854977103282,-27.343593841897103,10.045375580378785,7.228985414663382,2.8163901657154033
NiTi,0.206,0.006,5,0.002099607612210908,-1.618079278863812,1.865373826087785,1.6987116603648125,0.16666216572297254
NiTi,0.206,0.006,7,0.0030724541610947873,-3.3157871279124786,2.827330411630315,2.4858043374553294,0.3415260741749857
NiTi,0.206,0.006,9,0.004137232867854791,-5.74063859195721,3.938561558025632,3.3472757830540383,0.5912857749715936
NiTi,0.206,0.006,11,0.005315805549019259,-9.1255064438206,5.240740714699978,4.300813550986455,0.9399271637135227
NiTi,0.206,0.006,13,0.006648555663345467,-13.92084133347422,6.812936999860358,5.379090342512513,1.4338466573478446
NiTi,0.206,0.006,15,0.008220541901745716,-20.957921093221202,8.809589741328093,6.6509238687263075,2.1586658726017856
NiTi,0.206,0.007,5,0.002412243194855948,-1.4121075905414768,1.8182925706301742,1.6728454888044022,0.14544708182577204
NiTi,0.206,0.007,7,0.0035124898337697717,-2.823783415034182,2.7266956236276974,2.435845931879176,0.29084969174852127
NiTi,0.206,0.007,9,0.004699229104279573,-4.928309080043736,3.766443230722711,3.2588273954782063,0.5076158352445046
NiTi,0.206,0.007,11,0.005999485894403579,-7.717548920754573,4.955438672266,4.160531133428279,0.7949075388377214
NiTi,0.206,0.007,13,0.007441390118983065,-11.565064558169762,6.3516663644589375,5.160464714967452,1.1912016494914859
NiTi,0.206,0.007,15,0.00908425189146492,-17.03918420446404,8.054794566308702,6.299758593248906,1.7550359730597966
NiTi,0.206,0.008,13,0.008245430670755317,-9.941980384947655,6.027319289573952,5.003295309924343,1.0240239796496091
NiTi,0.206,0.008,15,0.009986095318924046,-14.383730241581619,7.541048073453323,6.059523858570416,1.4815242148829073
NiTi,0.206,0.008,5,0.0027272808155509995,-1.2210178167141221,1.780668242616093,1.6549034074945386,0.12576483512155434
NiTi,0.206,0.008,7,0.003953685714283752,-2.4537799893777685,2.651820476214013,2.399081137308102,0.25273933890591094
NiTi,0.206,0.008,9,0.0052665421470848165,-4.272100828024856,3.635743707546765,3.1957173222602044,0.44002638528656046
NiTi,0.206,0.008,11,0.006687099269984255,-6.712295039828823,4.749072256811262,4.057705867708893,0.6913663891023694
NiTi,0.206,0.009,9,0.005833413752980044,-3.801423640139384,3.5379402449559563,3.146393610021599,0.3915466349343575
NiTi,0.206,0.009,11,0.007380562515395873,-5.913001676445716,4.589925103308146,3.980885930634236,0.60903917267391
NiTi,0.206,0.009,13,0.009053855959771519,-8.793289643243316,5.789126287284009,4.883417454029946,0.9057088332540628
NiTi,0.206,0.009,15,0.01089773638753187,-12.637262576896537,7.179597261996327,5.877959216575982,1.3016380454203453
NiTi,0.206,0.009,5,0.0030395832273879923,-1.1216807430109874,1.755006270461088,1.6394731539309562,0.11553311653013187
NiTi,0.206,0.009,7,0.004393706295841291,-2.200224346346086,2.59647547867758,2.369852371003933,0.2266231076736469
NiTi,0.206,0.01,7,0.004835087516155615,-1.983350951013295,2.551415010165833,2.3471298622114634,0.2042851479543697
NiTi,0.206,0.01,9,0.006405754489649802,-3.3662428632325425,3.456312572995381,3.1095895580824284,0.34672301491295254
NiTi,0.206,0.01,11,0.00808003317711565,-5.23662411065738,4.461718485881036,3.9223462024833253,0.5393722833977108
NiTi,0.206,0.01,13,0.009874385536163356,-7.816639755249336,5.598504931763185,4.793391036972503,0.805113894790682
NiTi,0.206,0.01,15,0.011826391957453029,-11.262537915013521,6.901008374883785,5.740966969637393,1.1600414052463925
NiTi,0.206,0.01,5,0.0033561397119973493,-0.9844256902541114,1.7305898810463434,1.6291940349501695,0.10139584609617391
NiTi,0.255,0.006,5,0.0021502128664225963,-1.3321823010416822,1.575221129933531,1.4053678865507166,0.16985324338281438
NiTi,0.255,0.006,7,0.0031748299282689445,-2.7348850108821328,2.423750079586128,2.0750522406986565,0.3486978388874715
NiTi,0.255,0.006,9,0.0043203054528674545,-4.713142462061159,3.4246547180745317,2.823729054161735,0.6009256639127969
NiTi,0.255,0.006,11,0.005615662244486078,-7.613668436033289,4.641110205650504,3.67036748005626,0.9707427255942442
NiTi,0.255,0.006,13,0.00714136047248958,-11.863902115226418,6.180203384063643,4.667555864372274,1.5126475196913685
NiTi,0.255,0.006,15,0.009083856867814075,-18.842154557055753,8.339536057537078,5.937161351512468,2.4023747060246103
NiTi,0.255,0.007,5,0.0024631641353401027,-1.1470355680240172,1.5261709202676579,1.3799238853445954,0.14624703492306246
NiTi,0.255,0.007,7,0.003614669770891181,-2.313565885296983,2.3200047321071193,2.025025081731754,0.2949796503753652
NiTi,0.255,0.007,9,0.00487938612838301,-4.014240211446789,3.2453652787146536,2.733549651755188,0.5118156269594656
NiTi,0.255,0.007,11,0.00629240220432183,-6.332059738617288,4.332492913212544,3.52515529653884,0.8073376166737041
NiTi,0.255,0.007,13,0.00789391742680504,-9.821618087594583,5.674619010260768,4.422362704092459,1.2522563061683094
NiTi,0.255,0.007,15,0.009826478994823407,-14.867352953993821,7.400617750834999,5.5050302492007885,1.8955875016342105
NiTi,0.255,0.008,15,0.010659044111273415,-12.398473016073712,6.805826932722644,5.225021623173243,1.580805309549401
NiTi,0.255,0.008,5,0.002777640841556737,-0.9946241451923317,1.4884032263339524,1.36158864782193,0.1268145785120225
NiTi,0.255,0.008,7,0.004054579181468378,-2.0112218921906817,2.2439696056995944,1.9875388144452832,0.2564307912543111
NiTi,0.255,0.008,9,0.005442497273496063,-3.4855827625919393,3.112302622571679,2.6678908203412073,0.4444118022304715
NiTi,0.255,0.008,11,0.0069724118666627385,-5.476337243894606,4.116081952843002,3.4178489542464403,0.6982329985965618
NiTi,0.255,0.008,13,0.008679874275720596,-8.319659044916989,5.315596859462502,4.254840331235586,1.060756528226916
NiTi,0.255,0.009,11,0.007658173917792335,-4.820840122689997,3.9515520689293964,3.336894953286421,0.6146571156429754
NiTi,0.255,0.009,13,0.009475896021489908,-7.267257571185427,5.055506068644185,4.128930728318043,0.9265753403261421
NiTi,0.255,0.009,15,0.011535486050975147,-10.67994246491203,6.388048242043233,5.0263555777669495,1.3616926642762834
NiTi,0.255,0.009,5,0.003090809843182875,-0.8922415168302993,1.460518895000602,1.3467581016047387,0.11376079339586331
NiTi,0.255,0.009,7,0.004493092980967089,-1.7988164284931796,2.187123814008519,1.9577747193756383,0.22934909463288067
NiTi,0.255,0.009,9,0.0060074189526392015,-3.083847469757044,3.010802296463392,2.617611744069369,0.3931905523940231
NiTi,0.255,0.01,9,0.0065715656852142765,-2.7874383697927247,2.9324829745855436,2.5770845824369712,0.3553983921485724
NiTi,0.255,0.01,11,0.008344745858481236,-4.3360772494907955,3.825299205577227,3.2724493562671513,0.5528498493100757
NiTi,0.255,0.01,13,0.010283929571659868,-6.430972190509215,4.852862511803597,4.032913557513673,0.8199489542899236
NiTi,0.255,0.01,15,0.012440313274576597,-9.370428434261756,6.0732838506925315,4.878554225324156,1.1947296253683755
NiTi,0.255,0.01,5,0.0034047030834262805,-0.8068544674828187,1.438051624379071,1.335177679775012,0.10287394460405919
NiTi,0.255,0.01,7,0.004933287329219772,-1.62143414952708,2.1413553361116713,1.9346224820469693,0.206732854064702
NiTi,0.304,0.007,5,0.00251474545775054,-0.9652498720833027,1.328459267093569,1.1817412865369077,0.1467179805566614
NiTi,0.304,0.007,7,0.00372003152359811,-1.9472810550754047,2.044121834844257,1.7481351144727961,0.2959867203714608
NiTi,0.304,0.007,9,0.005066758486919651,-3.376127924429074,2.8941669740807234,2.380995529567505,0.5131714445132185
NiTi,0.304,0.007,11,0.00659319032252671,-5.490978263142635,3.932932418989555,3.098303722991875,0.8346286959976803
NiTi,0.304,0.007,13,0.008402569507370563,-8.575089996888982,5.251989575847879,3.9485758963207536,1.3034136795271252
NiTi,0.304,0.007,15,0.010728446016909908,-13.773012714533893,7.135060910480349,5.041562977871197,2.093497932609152
NiTi,0.304,0.008,5,0.0028291466768408263,-0.8347154661899155,1.290177193640812,1.163300442779945,0.12687675086086703
NiTi,0.304,0.008,7,0.0041576560740019565,-1.7014749282001826,1.9681867195148632,1.709562530428436,0.25862418908642715
NiTi,0.304,0.008,9,0.005621327849284435,-2.9689915651647754,2.7626879717226585,2.311401253817613,0.45128671790504526
NiTi,0.304,0.008,11,0.007263820591441584,-4.707935013100942,3.702374457288046,2.986768335296704,0.7156061219913421
NiTi,0.304,0.008,13,0.009154330905801396,-7.203616467602185,4.859066029474133,3.7641163263986006,1.0949497030755322
NiTi,0.304,0.008,15,0.011442772637681129,-11.125610144828253,6.396180175270938,4.705087433257043,1.691092742013895
NiTi,0.304,0.009,13,0.009925289160994827,-6.267861515463953,4.580379117380795,3.6276641670302734,0.9527149503505212
NiTi,0.304,0.009,15,0.012249964161958258,-9.430478613718856,5.9107588318723465,4.477326082587083,1.4334327492852639
NiTi,0.304,0.009,5,0.0031405350037959022,-0.7583081575713908,1.2631192009873655,1.147856361036514,0.11526283995085151
NiTi,0.304,0.009,7,0.004597690371870892,-1.4998911898796055,1.9084258482414118,1.680442387379712,0.22798346086169974
NiTi,0.304,0.009,9,0.00618724274732899,-2.5923679216565403,2.655459056887478,2.261419132795684,0.394039924091794
NiTi,0.304,0.009,11,0.007946329585862937,-4.099060071887593,3.527417359677988,2.9043602287510737,0.6230571309269144
NiTi,0.304,0.01,9,0.0067520630976105256,-2.316558496649329,2.5731902788625813,2.2210733873718835,0.3521168914906978
NiTi,0.304,0.01,11,0.008626616022098034,-3.6751424187297426,3.3963242864949583,2.8377026388480373,0.558621647646921
NiTi,0.304,0.01,13,0.010716899040018957,-5.5248316919850895,4.365070154030075,3.525295736848341,0.8397744171817343
NiTi,0.304,0.01,15,0.013109567295728182,-8.195250258958591,5.558035702430185,4.312357663068481,1.2456780393617048
NiTi,0.304,0.01,5,0.003454935697977685,-0.6791490543784051,1.2397226621792288,1.136492005913712,0.10323065626551675
NiTi,0.304,0.01,7,0.005036217793165297,-1.3555692477248347,1.862697115511181,1.6566505898570056,0.20604652565417525
NiTi,0.353,0.008,5,0.002880614665480307,-0.7229109772682182,1.1476414735644362,1.020047686076596,0.12759378748784034
NiTi,0.353,0.008,7,0.004263237485565063,-1.4699513201926417,1.7690914099846318,1.5096450019706311,0.25944640801400065
NiTi,0.353,0.008,9,0.005810214851364747,-2.5585041339943517,2.5090174992550835,2.0574415196050806,0.45157597965000296
NiTi,0.353,0.008,11,0.007575420880473424,-4.117505803742704,3.4092542504489107,2.682514476088323,0.7267397743605879
NiTi,0.353,0.008,13,0.009663505652638996,-6.497028340280998,4.568646767158389,3.4219212650987947,1.146725502059594
NiTi,0.353,0.008,15,0.012379003886401804,-10.49612350155565,6.236065757798581,4.38349995977401,1.852565798024571
NiTi,0.353,0.009,15,0.013064650554799403,-8.665558154866979,5.641731182668741,4.1122601683347195,1.529471014334021
NiTi,0.353,0.009,5,0.0031946692687869578,-0.6377136793753839,1.1181180850540609,1.0055616206443054,0.11255646440975542
NiTi,0.353,0.009,7,0.004701992136210811,-1.2971026223600879,1.7089487281159328,1.4800101152693774,0.22893861284655537
NiTi,0.353,0.009,9,0.00636989154170949,-2.251150101260378,2.402330051956338,2.005002059083881,0.3973279928724569
NiTi,0.353,0.009,11,0.00824219633417988,-3.6057233383144442,3.2307432929707254,2.5943331237582252,0.6364101692125002
NiTi,0.353,0.009,13,0.010407249979143478,-5.573279343283241,4.259494310587282,3.2758105064977907,0.9836838040894915
NiTi,0.353,0.01,11,0.00891969689173634,-3.196318484770629,3.0909765275014887,2.526826314939473,0.5641502125620157
NiTi,0.353,0.01,13,0.011171829328049247,-4.910697572415045,4.031562293783166,3.1648241722519117,0.8667381215312542
NiTi,0.353,0.01,15,0.013853366625917057,-7.421338386631194,5.234332691505862,3.9244664662654554,1.3098662252404063
NiTi,0.353,0.01,5,0.003507069190618463,-0.5794309287062778,1.095773578921888,0.9935040200052304,0.10226955891665768
NiTi,0.353,0.01,7,0.005138285410029155,-1.1761035185565822,1.663187203044827,1.455604932019591,0.20758227102523596
NiTi,0.353,0.01,9,0.006926632150779579,-2.0367827319666056,2.3217108917897202,1.9622187395976145,0.35949215219210573
NiTi,0.402,0.009,5,0.0032462960249435816,-0.5622748120411248,1.0102798201234116,0.8972625829031458,0.1130172372202658
NiTi,0.402,0.009,7,0.0048046976534506045,-1.156632418560898,1.5604813619711513,1.3279982458404105,0.2324831161307408
NiTi,0.402,0.009,9,0.006555450035503349,-1.9979371763082547,2.213484221388581,1.8118988489506218,0.4015853724379592
NiTi,0.402,0.009,11,0.00855109884202345,-3.232587361984777,3.0132378546797387,2.3634877949207986,0.6497500597589401
NiTi,0.402,0.009,13,0.01092440966909068,-5.0943243236449645,4.043420125783065,3.0194609367304257,1.0239591890526394
NiTi,0.402,0.009,15,0.01403426320184312,-8.259762105020387,5.539223571125439,3.8790113880163406,1.6602121831090986
NiTi,0.402,0.01,13,0.011662851769909116,-4.43673060190183,3.7929897589198585,2.9012069079375906,0.8917828509822678
NiTi,0.402,0.01,15,0.01469772488007412,-6.928108240724304,5.048700224065715,3.656150467680129,1.3925497563855855
NiTi,0.402,0.01,5,0.003558958772561073,-0.5079550384001176,0.9874120902211777,0.8853131275027544,0.10209896271842334
NiTi,0.402,0.01,7,0.0052446487854878225,-1.0285668569279112,1.5113809396076394,1.3046390013651297,0.20674193824250975
NiTi,0.402,0.01,9,0.007107500282795878,-1.8093220969594095,2.131708637706721,1.76803489621788,0.3636737414888409
NiTi,0.402,0.01,11,0.00921905861265114,-2.8590147310939744,2.8679601233009184,2.29329816235103,0.5746619609498884
NiTi,0.451,0.01,15,0.015684107004803566,-6.695052162289495,4.987363310224565,3.477629047628285,1.5097342625962802
NiTi,0.451,0.01,5,0.0036089676894750784,-0.45961662906913986,0.9038581151488997,0.800214565293809,0.10364354985509072
NiTi,0.451,0.01,7,0.005348578262875877,-0.9260980603618503,1.3947726431827445,1.185937530571148,0.2088351126115966
NiTi,0.451,0.01,9,0.007302088872047306,-1.5988010870769438,1.979618086831483,1.619088441695633,0.36052964513584995
NiTi,0.451,0.01,11,0.009525963551013065,-2.6074855300529154,2.7001750271628664,2.1121870401359346,0.5879879870269318
NiTi,0.451,0.01,13,0.012186220087740559,-4.100703103300757,3.626752915146993,2.702044365352674,0.9247085497943193
NiTi,0.5,0.01,15,0.016938826593137436,-6.68479593717865,5.058964302922149,3.387765318627487,1.6711989842946622
NiTi,0.5,0.01,5,0.0036624601562281985,-0.4114508416054694,0.8353547416470071,0.7324920312456397,0.10286271040136741
NiTi,0.5,0.01,7,0.00545516203607321,-0.8384663250127787,1.3006489884678367,1.091032407214642,0.2096165812531947
NiTi,0.5,0.01,9,0.007488937754058983,-1.464775354477336,1.8639813894311303,1.4977875508117966,0.36619383861933374
NiTi,0.5,0.01,11,0.009855050457513148,-2.3822137386806466,2.5665635261727915,1.9710100915026296,0.5955534346701619
NiTi,0.5,0.01,13,0.01275374567088313,-3.8575460416184977,3.5151356445812505,2.550749134176626,0.9643865104046245
SiliconeRubber,0.01,0.001,5,0.00031542737564718855,-179.76240665498668,32.44154959799379,31.542737564718855,0.8988120332749361
SiliconeRubber,0.01,0.001,7,0.0004483564460806163,-362.3042407951508,46.64716581203737,44.83564460806163,1.8115212039757438
SiliconeRubber,0.01,0.001,9,0.0005856378182889447,-606.2809635208862,61.59518664649888,58.56378182889446,3.031404817604418
SiliconeRubber,0.01,0.001,11,0.0007274405270576985,-933.249014353614,77.4102977775379,72.74405270576985,4.66624507176806
SiliconeRubber,0.01,0.001,13,0.0008743056543852327,-1351.7508811707817,94.1893198443772,87.43056543852326,6.758754405853935
SiliconeRubber,0.01,0.001,15,0.0010267257730262685,-1885.2819353511732,112.09898697938274,102.67257730262685,9.426409676755895
SiliconeRubber,0.059,0.002,5,0.0006890548102347837,-17.540558412479808,6.356894017530728,5.8394475443625735,0.5174464731681541
SiliconeRubber,0.059,0.002,7,0.0010033712944975597,-35.012133801591816,9.536004510685599,8.503146563538643,1.0328579471469563
SiliconeRubber,0.059,0.002,9,0.001343893663882986,-59.62346963074918,13.147821709047662,11.38892935494056,1.7588923541071022
SiliconeRubber,0.059,0.002,11,0.0017149403790696707,-94.42492992957541,17.318928475885784,14.533393042963311,2.7855354329224724
SiliconeRubber,0.059,0.002,13,0.0021263387790439853,-142.6352570745228,22.227560245088128,18.019820161389706,4.207740083698422
SiliconeRubber,0.059,0.002,15,0.0025965790551649563,-209.82894738220207,28.194861194935605,22.00490724716065,6.189953947774956
SiliconeRubber,0.059,0.003,9,0.0019117505292382511,-39.37191648345222,11.96232198393558,10.800850447673737,1.1614715362618426
SiliconeRubber,0.059,0.003,11,0.002407355885243155,-61.83676481560268,15.425065269648725,13.600880707588448,1.8241845620602763
SiliconeRubber,0.059,0.003,13,0.002939650763495748,-90.87330408784511,19.28895887452221,16.60819640393078,2.6807624705914286
SiliconeRubber,0.059,0.003,15,0.0035163311006852845,-129.8870272280695,23.69794470822966,19.866277405001608,3.831667303228052
SiliconeRubber,0.059,0.003,5,0.0010040517921565677,-11.43722626119087,6.010007169939976,5.672608995234846,0.3373981747051298
SiliconeRubber,0.059,0.003,7,0.0014451848286157387,-22.9418120443371,8.841669492684998,8.164886037377055,0.6767834553079428
SiliconeRubber,0.059,0.004,5,0.0013195637325240964,-8.576680787580912,5.844383831217094,5.591371747983459,0.2530120832336351
SiliconeRubber,0.059,0.004,7,0.0018881164014005174,-17.42382139401581,8.514495957396843,8.00049322627338,0.5140027311234636
SiliconeRubber,0.059,0.004,9,0.0024832772156261,-29.64985088970139,11.397031684407635,10.522361083161442,0.8746706012461924
SiliconeRubber,0.059,0.004,11,0.003107899056648281,-46.139072458684055,14.530166436888303,13.169063799357124,1.3611026375311788
SiliconeRubber,0.059,0.004,13,0.0037682798498720037,-67.17012138605216,17.948806080346184,15.967287499457644,1.9815185808885403
SiliconeRubber,0.059,0.004,15,0.004469006360288976,-95.2228755288897,21.74554245644537,18.93646762834312,2.8090748281022506
SiliconeRubber,0.059,0.005,5,0.0016359736028339394,-6.85973869049145,5.748035521315055,5.545673229945558,0.20236229136949735
SiliconeRubber,0.059,0.005,7,0.0023344405111686128,-13.518930842359453,8.31216612482795,7.913357664978348,0.3988084598496018
SiliconeRubber,0.059,0.005,9,0.003058752778505127,-23.616745179008245,11.065347469238802,10.368653486458058,0.6966939827807437
SiliconeRubber,0.059,0.005,11,0.003814288192621383,-36.80833329788394,14.015636315749898,12.929790483462316,1.085845832287582
SiliconeRubber,0.059,0.005,13,0.0046069864007999865,-53.15701944861862,17.18503512729352,15.616903053559277,1.568132073734244
SiliconeRubber,0.059,0.005,15,0.005438272317916239,-75.30438043647442,20.656300639541218,18.43482141666522,2.221479222875999
SiliconeRubber,0.108,0.003,5,0.0010542558646662412,-6.334717318872477,3.5959508607322044,3.2538761255130906,0.3420747352191138
SiliconeRubber,0.108,0.003,7,0.0015470877160780733,-12.624174575895575,5.45666751375908,4.77496208666072,0.6817054270983602
SiliconeRubber,0.108,0.003,9,0.002086868209930621,-22.0132531107571,7.629666933198849,6.440951265217967,1.1887156679808824
SiliconeRubber,0.108,0.003,11,0.002687496476019181,-35.12875315380832,10.191694880241393,8.294742209935743,1.8969526703056498
SiliconeRubber,0.108,0.003,13,0.0033729177492418305,-53.608649546785514,13.305107042322186,10.410239966795773,2.894867075526413
SiliconeRubber,0.108,0.003,15,0.004190963738472963,-81.56033010042519,17.33933109231482,12.93507326689186,4.404257825422958
SiliconeRubber,0.108,0.004,7,0.0019856200582069913,-9.59038060678376,5.114223280097321,4.596342727330998,0.5178805527663233
SiliconeRubber,0.108,0.004,9,0.002651376651994889,-16.290030447742083,7.017107597869941,6.137445953691873,0.8796616441780687
SiliconeRubber,0.108,0.004,11,0.0033724899584444434,-25.622570987087034,9.190308551924096,7.806689718621397,1.383618833302699
SiliconeRubber,0.108,0.004,13,0.004165186998848625,-38.335450020018456,11.711750872489846,9.641636571408853,2.0701143010809933
SiliconeRubber,0.108,0.004,15,0.005056914778021321,-55.911691139465844,14.725052566950884,11.705821245419726,3.0192313215311586
SiliconeRubber,0.108,0.004,5,0.0013685212032817872,-4.6889531398612485,3.4210766252973843,3.1678731557448776,0.2532034695525067
SiliconeRubber,0.108,0.005,5,0.0016842711618458763,-3.6169975298147192,3.31433853669495,3.1190206700849563,0.19531786660999373
SiliconeRubber,0.108,0.005,7,0.002425370606125288,-7.818265347757131,4.913613377159047,4.491427048380163,0.42218632877888407
SiliconeRubber,0.108,0.005,9,0.003218935725739698,-12.986479242614969,6.662261963804353,5.960992084703144,0.7012698791012086
SiliconeRubber,0.108,0.005,11,0.004064513544025282,-20.32449302310015,8.62439955662756,7.526876933380152,1.097522623247408
SiliconeRubber,0.108,0.005,13,0.004977841527430652,-29.972912950735857,10.836762350137239,9.218225050797503,1.6185372993397351
SiliconeRubber,0.108,0.005,15,0.005976242435860404,-43.026929215283836,13.39056979958904,11.067115621963712,2.3234541776253277
SiliconeRubber,0.108,0.006,5,0.0019958061357045363,-3.3306621087801664,3.2598034941589065,3.0799477402847786,0.1798557538741279
SiliconeRubber,0.108,0.006,7,0.0028701593491224026,-6.300658576715341,4.769493817961151,4.429258254818523,0.34023556314262837
SiliconeRubber,0.108,0.006,9,0.003788228074152775,-10.870075902855714,6.433015077385033,5.846030978630826,0.5869840987542068
SiliconeRubber,0.108,0.006,11,0.0047620965510794195,-16.823066610345688,8.257360027636784,7.348914430678116,0.9084455969586678
SiliconeRubber,0.108,0.006,13,0.005800886902129813,-24.635460941381773,10.282300850911486,8.951985960076872,1.3303148908346145
SiliconeRubber,0.108,0.006,15,0.00691813703474952,-35.08198134519643,12.570564391945418,10.676137399304816,1.8944269926406019
SiliconeRubber,0.108,0.007,13,0.006629381279357054,-21.02663801763977,9.904461309244946,8.7690228562924,1.1354384529525454
SiliconeRubber,0.108,0.007,15,0.00787284348526869,-29.682158380270135,12.016650686487875,10.413814133953293,1.6028365525345816
SiliconeRubber,0.108,0.007,5,0.0023114136950504248,-2.8521453872743003,3.211441373466283,3.0574255225534714,0.15401585091281156
SiliconeRubber,0.108,0.007,7,0.003312444184719224,-5.487233002116705,4.677850508991582,4.381539926877281,0.29631058211430084
SiliconeRubber,0.108,0.007,9,0.004361805327199126,-9.197756967725523,6.266262642393587,5.76958376613641,0.4966788762571772
SiliconeRubber,0.108,0.007,11,0.0054640608990185165,-14.301672789361103,7.999884112396022,7.2275937817705245,0.7722903306254976
SiliconeRubber,0.108,0.008,9,0.0049355478645090435,-8.058441698810991,6.14759550973237,5.712439657996578,0.4351558517357921
SiliconeRubber,0.108,0.008,11,0.006168019943930124,-12.50666324812956,7.814271787540344,7.138911972141346,0.6753598153989975
SiliconeRubber,0.108,0.008,13,0.0074634241364577155,-18.355231859310063,9.629404900562136,8.638222380159393,0.9911825204027434
SiliconeRubber,0.108,0.008,15,0.008834506911267309,-25.905347177079122,11.62401248745499,10.225123739892718,1.3988887475622729
SiliconeRubber,0.108,0.008,5,0.0026268321720756883,-2.5416273976285115,3.17756289344843,3.040315013976491,0.13724787947193873
SiliconeRubber,0.108,0.008,7,0.003758194009819086,-4.716134021719808,4.604432822611626,4.349761585438757,0.254671237172869
SiliconeRubber,0.108,0.009,7,0.004201227502897494,-4.340687670809273,4.556647651607954,4.322250517384253,0.234397134223701
SiliconeRubber,0.108,0.009,9,0.005508855965563245,-7.305174205179813,6.062026696753829,5.66754728967412,0.3944794070797091
SiliconeRubber,0.108,0.009,11,0.00687397947469901,-11.170733349866657,7.675214945233346,7.071995344340546,0.6032196008928006
SiliconeRubber,0.108,0.009,13,0.008302803894028956,-16.255239385045023,9.419762241637034,8.541979314844605,0.8777829267924293
SiliconeRubber,0.108,0.009,15,0.009805407296860818,-22.9147354915705,11.325263305907788,10.087867589362983,1.237395716544805
SiliconeRubber,0.108,0.009,5,0.0029453697955610716,-2.147448356227073,3.1461780502908616,3.0302158390546006,0.11596221123626105
SiliconeRubber,0.108,0.01,5,0.0032657961433297388,-1.736123067550675,3.1176359635456428,3.0238853178979066,0.09375064564773616
SiliconeRubber,0.108,0.01,7,0.004648101828265823,-3.884804037701296,4.513577407170891,4.303797989135021,0.20977941803587008
SiliconeRubber,0.108,0.01,9,0.0060873740574098455,-6.512815410727979,5.988149492743983,5.636457460564672,0.35169203217931155
SiliconeRubber,0.108,0.01,11,0.007583166483896792,-10.081591817690683,7.5658564062078835,7.021450448052585,0.5444059581552985
SiliconeRubber,0.108,0.01,13,0.00914474996380155,-14.677567055817288,9.259949698608162,8.467361077594028,0.7925886210141346
SiliconeRubber,0.108,0.01,15,0.010782377422054268,-20.577841409933182,11.094886234334789,9.983682798198396,1.1112034361363925
SiliconeRubber,0.157,0.004,11,0.003662765924684885,-18.328617587821462,7.271226297021189,5.832429816377205,1.4387964806439841
SiliconeRubber,0.157,0.004,13,0.004626991397291261,-28.209723826182827,9.582284016679013,7.367820696323663,2.2144633203553505
SiliconeRubber,0.157,0.004,15,0.005810327990216498,-43.856162659648305,12.694823402885094,9.252114634102703,3.4427087687823903
SiliconeRubber,0.157,0.004,5,0.001418120563025707,-3.3422549729856987,2.5205207781591645,2.2581537627797883,0.26236701537937623
SiliconeRubber,0.157,0.004,7,0.0020896903656061165,-6.58629645205095,3.844556700795102,3.327532429309103,0.5170242714859987
SiliconeRubber,0.157,0.004,9,0.0028312424520035577,-11.411441142096724,5.404145983163441,4.50834785350885,0.8957981296545912
SiliconeRubber,0.157,0.005,7,0.0025274847316302126,-5.308456422564275,3.636439601948635,3.2197257727773403,0.41671382917129485
SiliconeRubber,0.157,0.005,9,0.003392928322275353,-9.056075997921969,5.033103650264075,4.322201684427202,0.7109019658368734
SiliconeRubber,0.157,0.005,11,0.004343932035716709,-14.204867982312313,6.648753519690124,5.53367138307861,1.1150821366115142
SiliconeRubber,0.157,0.005,13,0.005400193407846183,-21.753056299014066,8.586842190614236,6.879227271141635,1.7076149194726016
SiliconeRubber,0.157,0.005,15,0.006628751248582621,-32.05706051617184,10.960748356994163,8.444269106474676,2.5164792505194864
SiliconeRubber,0.157,0.005,5,0.001733832857444444,-2.5667271000437073,2.410192354352722,2.2087042769992915,0.20148807735343066
SiliconeRubber,0.157,0.006,5,0.0020463830225018074,-2.2068494259514,2.3456188078584237,2.1723811279212395,0.1732376799371842
SiliconeRubber,0.157,0.006,7,0.00296686479454942,-4.449651660691864,3.4988356538244156,3.1495379984601057,0.3492976553643099
SiliconeRubber,0.157,0.006,9,0.003956822488519286,-7.5625595952700335,4.794109429841526,4.20044850161283,0.5936609282286955
SiliconeRubber,0.157,0.006,11,0.00503255035994817,-11.63297129250123,6.255598395026281,5.342410148564936,0.9131882464613454
SiliconeRubber,0.157,0.006,13,0.006202298768332195,-17.60598809873109,7.9662513484809585,6.584181282730568,1.3820700657503906
SiliconeRubber,0.157,0.006,15,0.007518857849164181,-25.465778775257654,9.980866021505474,7.98180238764775,1.9990636338577232
SiliconeRubber,0.157,0.007,5,0.0023626299922377926,-1.8272218044598212,2.2932367226035013,2.149799810953405,0.1434369116500962
SiliconeRubber,0.157,0.007,7,0.0034086998463452906,-3.7872045217158536,3.3989332677347566,3.101637712780064,0.2972955549546925
SiliconeRubber,0.157,0.007,9,0.00452721686820407,-6.359007775839423,4.618578714774703,4.11939660437131,0.49918211040339244
SiliconeRubber,0.157,0.007,11,0.005722367486713118,-9.984305952474323,5.9906538104567835,5.20688579318755,0.7837680172692334
SiliconeRubber,0.157,0.007,13,0.007011020383700349,-14.982231004423337,7.5555595321187035,6.379454398271473,1.1761051338472308
SiliconeRubber,0.157,0.007,15,0.00844571253425335,-20.961130371926377,9.330355498757955,7.684906764561736,1.6454487341962185
SiliconeRubber,0.157,0.008,13,0.007837196896698267,-12.785867714363457,7.243497061993348,6.239806446415818,1.00369061557753
SiliconeRubber,0.157,0.008,15,0.009369463920375914,-18.40210173052432,8.904329253661375,7.459764267815218,1.4445649858461573
SiliconeRubber,0.157,0.008,5,0.002676259974021582,-1.638718403296623,2.2594196287524,2.130780234093616,0.12863939465878405
SiliconeRubber,0.157,0.008,7,0.0038494050553939036,-3.3526257184043,3.3279940610873346,3.0648129421925985,0.26318111889473617
SiliconeRubber,0.157,0.008,9,0.005093472988070855,-5.657773632569484,4.499448118748147,4.055312888591445,0.44413523015670275
SiliconeRubber,0.157,0.008,11,0.0064169349036601216,-8.748447437382593,5.795777728659469,5.1090246048249375,0.6867531238345315
SiliconeRubber,0.157,0.009,9,0.005667197916003378,-4.942375419421046,4.3987322496201475,4.010755779195597,0.38797647042455097
SiliconeRubber,0.157,0.009,11,0.0071133863294066055,-7.813532999155898,5.6476060272041595,5.034243686770422,0.6133623404337376
SiliconeRubber,0.157,0.009,13,0.008664028930586392,-11.228125009544387,7.013063107365576,6.131655294116343,0.8814078132492327
SiliconeRubber,0.157,0.009,15,0.010322752970802018,-15.978364021871148,8.559859233750867,7.305557658033983,1.2543015757168838
SiliconeRubber,0.157,0.009,5,0.002991606616050797,-1.451486212758706,2.231143802203184,2.117202134501626,0.11394166770155811
SiliconeRubber,0.157,0.009,7,0.004297390863583416,-2.830733466465624,3.26353661362386,3.04132403650631,0.22221257711755005
SiliconeRubber,0.157,0.01,7,0.004738330313432208,-2.6118416018487545,3.2230743513707365,3.01804478562561,0.20502956574512643
SiliconeRubber,0.157,0.01,9,0.006236322796229229,-4.528682087550818,4.3276816688595074,3.9721801249867696,0.3555015438727378
SiliconeRubber,0.157,0.01,11,0.007820935257621378,-6.852062814766476,5.519374356195716,4.981487425236547,0.5378869309591687
SiliconeRubber,0.157,0.01,13,0.00949403850288468,-10.038336934597979,6.835167731458092,6.047158282092153,0.7880094493659389
SiliconeRubber,0.157,0.01,15,0.011271426543577465,-14.43200269058699,8.312164786738126,7.179252575527048,1.132912211211078
SiliconeRubber,0.157,0.01,5,0.0033072387578739998,-1.304138357330454,2.2088963628810125,2.106521501830573,0.10237486105043958
SiliconeRubber,0.206,0.005,7,0.002632121411275189,-4.024462735592193,2.969977342615695,2.555457680849698,0.41451966176599697
SiliconeRubber,0.206,0.005,9,0.0035744789156934736,-6.990154913168545,4.190353835370413,3.470367879314052,0.7199859560563606
SiliconeRubber,0.206,0.005,11,0.00464037538015607,-11.241064293437024,5.66304843790952,4.505218815685505,1.157829622224015
SiliconeRubber,0.206,0.005,13,0.005885820369661064,-17.377791126865834,7.504301194475982,5.7143887084088,1.7899124860671822
SiliconeRubber,0.206,0.005,15,0.007445577782618384,-27.51453210081565,10.062713100188272,7.228716293804257,2.8339968063840155
SiliconeRubber,0.206,0.005,5,0.0017853197351425998,-1.9546617295136586,1.9346502893463144,1.7333201312064077,0.20133015813990673
SiliconeRubber,0.206,0.006,5,0.0020943315555689073,-1.6467774786703762,1.8640610864267602,1.6944430061237115,0.1696180803030487
SiliconeRubber,0.206,0.006,7,0.003069284661262432,-3.2377275951424944,2.816725959502293,2.4832400172026152,0.3334859422996779
SiliconeRubber,0.206,0.006,9,0.00412972924301077,-5.766769796728584,3.935182178230334,3.34120488916729,0.5939772890630439
SiliconeRubber,0.206,0.006,11,0.005318662188192537,-9.080428596789861,5.2384088931979464,4.3031247477285905,0.9352841454693559
SiliconeRubber,0.206,0.006,13,0.0066531049128672574,-13.942740633797635,6.818873250384117,5.38277096510296,1.436102285281157
SiliconeRubber,0.206,0.006,15,0.008223625083933648,-20.927597241512956,8.80896086857296,6.653418352697126,2.155542515875834
SiliconeRubber,0.206,0.007,5,0.00241219542941928,-1.4127323197924395,1.8183237933070544,1.6728123643684327,0.14551142893862168
SiliconeRubber,0.206,0.007,7,0.0035127857525806207,-2.8174703302737174,2.726250590051911,2.4360511460337175,0.29019944401819364
SiliconeRubber,0.206,0.007,9,0.004702257380978487,-4.871630690831711,3.762705409823133,3.260927448667467,0.5017779611556663
SiliconeRubber,0.206,0.007,11,0.005999985831955601,-7.715998309324952,4.95562565662025,4.160877830759779,0.7947478258604708
SiliconeRubber,0.206,0.007,13,0.007437039079219922,-11.68050720428013,6.360539592401412,5.157447350360557,1.2030922420408547
SiliconeRubber,0.206,0.007,15,0.00907804908524793,-17.21547326985479,8.068650810073773,6.295457063278731,1.7731937467950427
SiliconeRubber,0.206,0.008,5,0.002727216866011203,-1.2223177192860728,1.7807633282486033,1.654864603162138,0.12589872508646538
SiliconeRubber,0.206,0.008,7,0.0039512126545306215,-2.5014022403468923,2.655224925009748,2.3975804942540178,0.2576444307557302
SiliconeRubber,0.206,0.008,9,0.005265887439944729,-4.284492187256722,3.6366227437975933,3.1953200485101516,0.4413026952874417
SiliconeRubber,0.206,0.008,11,0.006690933612584273,-6.650657097519353,4.7450502129524255,4.0600325319079325,0.685017681044493
SiliconeRubber,0.206,0.008,13,0.008243277074076502,-9.99648751482987,6.031626729850598,5.00198851582312,1.0296382140274778
SiliconeRubber,0.206,0.008,15,0.009978716433103935,-14.556878079407628,7.55440482148963,6.055046379310641,1.4993584421789894
SiliconeRubber,0.206,0.009,13,0.009054517308583736,-8.837424171866468,5.79402885830189,4.8837741685996425,0.9102546897022474
SiliconeRubber,0.206,0.009,15,0.010897478826957243,-12.613500643119396,7.177010861255993,5.877820295014695,1.2991905662412977
SiliconeRubber,0.206,0.009,5,0.0030395942250600275,-1.1082460248537431,1.7536284263528312,1.6394790857928954,0.11414934055993586
SiliconeRubber,0.206,0.009,7,0.00439042962916995,-2.2376941958541394,2.598567523300242,2.3680850211272655,0.2304825021729764
SiliconeRubber,0.206,0.009,9,0.005833206794403226,-3.795945970677414,3.5372644168585374,3.146281981878763,0.3909824349797746
SiliconeRubber,0.206,0.009,11,0.007380909678449654,-5.931653336789005,4.592033475161573,3.9810731814723055,0.6109602936892675
SiliconeRubber,0.206,0.01,9,0.0064022066255993,-3.4205553111491462,3.4601844910286057,3.107867293980243,0.35231719704836273
SiliconeRubber,0.206,0.01,11,0.008075851362821237,-5.300549992322686,4.4662728447535285,3.92031619554429,0.5459566492092387
SiliconeRubber,0.206,0.01,13,0.009879040304609552,-7.754263527972536,5.5943397766867795,4.795650633305607,0.7986891433811723
SiliconeRubber,0.206,0.01,15,0.011836751257812141,-11.139468591690752,6.893361021163637,5.745995756219487,1.14736526494415
SiliconeRubber,0.206,0.01,5,0.0033560395050949406,-0.9858946905524868,1.7306925439496934,1.6291453908227866,0.10154715312690676
SiliconeRubber,0.206,0.01,7,0.004834884537519326,-1.9870093612961646,2.5516932931063825,2.347031328892877,0.2046619642135057
SiliconeRubber,0.255,0.006,5,0.0021290202821024,-1.1847691812935355,1.5425745948648604,1.3915165242499345,0.15105807061492582
SiliconeRubber,0.255,0.006,7,0.0031763263716889207,-2.7117275634488562,2.4217755726331402,2.076030308293412,0.3457452643397283
SiliconeRubber,0.255,0.006,9,0.004320188772742939,-4.71545336194218,3.4248730962900718,2.8236527926424437,0.601220303647628
SiliconeRubber,0.255,0.006,11,0.005615548055546871,-7.623407383171892,4.642277288117076,3.6702928467626608,0.9719844413544152
SiliconeRubber,0.255,0.006,13,0.007143841555416283,-11.83786175377074,6.178504860805955,4.669177487200185,1.5093273736057693
SiliconeRubber,0.255,0.006,15,0.009086542159656867,-18.85412053508036,8.34281681244292,5.938916444220174,2.403900368222745
SiliconeRubber,0.255,0.007,5,0.002463469565777065,-1.1418625408086673,1.5256824687861945,1.3800949948330896,0.1455874739531049
SiliconeRubber,0.255,0.007,7,0.0036143179367413964,-2.3133961758029438,2.3197859881803633,2.024827975765488,0.2949580124148752
SiliconeRubber,0.255,0.007,9,0.004878444361249878,-4.007116964571921,3.2439294641033003,2.73302205112038,0.5109074129829203
SiliconeRubber,0.255,0.007,11,0.006287189326684588,-6.379239615006863,4.335587967823507,3.5222349169101332,0.8133530509133737
SiliconeRubber,0.255,0.007,13,0.007903007002968629,-9.745776967368185,5.670041466963324,4.4274549036238815,1.2425865633394428
SiliconeRubber,0.255,0.007,15,0.009822754974761469,-14.89177209787775,7.401644905931218,5.502943963451804,1.8987009424794143
SiliconeRubber,0.255,0.008,5,0.002777979539634307,-0.9901708533552481,1.4880014600941216,1.361754676291327,0.12624678380279453
SiliconeRubber,0.255,0.008,7,0.004054469798336443,-2.012492078877053,2.244077935319786,1.9874851952629617,0.2565927400568242
SiliconeRubber,0.255,0.008,9,0.005442380212761941,-3.4900704999972376,3.1128174263780504,2.6678334376284023,0.44498398874964806
SiliconeRubber,0.255,0.008,11,0.006972056504223325,-5.480821202358655,4.116479460272946,3.4176747569722186,0.6988047033007274
SiliconeRubber,0.255,0.008,13,0.008683064615095997,-8.29592575824101,5.314134757262003,4.256404223086273,1.0577305341757297
SiliconeRubber,0.255,0.008,15,0.010664456284934034,-12.358933771208966,6.803438705306612,5.227674649477467,1.5757640558291452
SiliconeRubber,0.255,0.009,15,0.011539129174606515,-10.66522397448286,6.387759052217813,5.027942995471249,1.3598160567465643
SiliconeRubber,0.255,0.009,5,0.00308610871633634,-0.8764483738936077,1.4564568479922801,1.3447096803208454,0.11174716767143478
SiliconeRubber,0.255,0.009,7,0.004489624422611849,-1.7663405847919793,2.181471789533461,1.9562633649724834,0.22520842456097756
SiliconeRubber,0.255,0.009,9,0.006007192762567796,-3.085800314326047,3.010952726380621,2.6175131863040506,0.39343954007657045
SiliconeRubber,0.255,0.009,11,0.007667791175517952,-4.946243200325644,3.971731487570039,3.3410854795285196,0.6306460080415195
SiliconeRubber,0.255,0.009,13,0.009475450824771733,-7.2844530395609555,5.057504505363949,4.128736742819927,0.9287677625440214
SiliconeRubber,0.255,0.01,11,0.008347772819384418,-4.312104782106611,3.8234297594771864,3.273636399758595,0.5497933597185916
SiliconeRubber,0.255,0.01,13,0.010287540019841064,-6.404378628628473,4.850887694695646,4.034329419545515,0.8165582751501308
SiliconeRubber,0.255,0.01,15,0.01244619171773355,-9.3353937314557,6.071122197911013,4.880859497150412,1.1902627007606013
SiliconeRubber,0.255,0.01,5,0.003405108298696065,-0.802922705858858,1.4377092327209509,1.335336587723947,0.10237264499700394
SiliconeRubber,0.255,0.01,7,0.004935561150184161,-1.6007810178489983,2.139613756318556,1.9355141765428083,0.20409957977574766
SiliconeRubber,0.255,0.01,9,0.006575253017640828,-2.753099959048932,2.929550839932004,2.5785305951532655,0.3510202447787383
SiliconeRubber,0.304,0.007,5,0.002515720987377231,-0.9559191053900074,1.3274994161326414,1.1821997121133605,0.14529970401928094
SiliconeRubber,0.304,0.007,7,0.003720892208475998,-1.9389552884383756,2.0432607754948875,1.748539571652255,0.29472120384263256
SiliconeRubber,0.304,0.007,9,0.005063344322999981,-3.412406133033233,2.8980768614503654,2.3793911292293144,0.518685732221051
SiliconeRubber,0.304,0.007,11,0.006597032008916069,-5.454903259985543,3.929254322264074,3.100109026746273,0.8291452955178009
SiliconeRubber,0.304,0.007,13,0.008404867459516826,-8.564899824231452,5.251520534334319,3.9496557610511394,1.3018647732831798
SiliconeRubber,0.304,0.007,15,0.010733718435271048,-13.759974519515605,7.135556745044872,5.0440406180785,2.091516126966372
SiliconeRubber,0.304,0.008,5,0.0028291022010123986,-0.8351065226327199,1.290218346461719,1.1632821550215455,0.12693619144017343
SiliconeRubber,0.304,0.008,7,0.004157568611578742,-1.7022182273570776,1.9682637378192713,1.7095265672609958,0.2587371705582755
SiliconeRubber,0.304,0.008,9,0.005624665167235492,-2.9422756285069798,2.759999401797654,2.3127735062645938,0.44722589553306014
SiliconeRubber,0.304,0.008,11,0.00726797759448471,-4.677706014888529,3.6994889435742038,2.9884776293111472,0.7110113142630565
SiliconeRubber,0.304,0.008,13,0.009154060013447124,-7.215403441317183,4.860746262819984,3.7640049397397712,1.096741323080213
SiliconeRubber,0.304,0.008,15,0.011444781382871378,-11.138875722676174,6.399022507409023,4.705913397562244,1.6931091098467785
SiliconeRubber,0.304,0.009,5,0.0031408464524879326,-0.7559011182869997,1.2628671646024063,1.1479701946227825,0.11489696997962384
SiliconeRubber,0.304,0.009,7,0.0045957345010823065,-1.5153850062385523,1.9100660432736634,1.6797275223254045,0.2303385209482589
SiliconeRubber,0.304,0.009,9,0.006186285726409669,-2.6011545338178204,2.6564448335882864,2.2610693444479786,0.39537548914030785
SiliconeRubber,0.304,0.009,11,0.007940684162455544,-4.144004591010631,3.5321855408363736,2.9022968430027576,0.629888697833616
SiliconeRubber,0.304,0.009,13,0.009924981542314446,-6.279448298245286,4.582027874635348,3.627551733302064,0.9544761413332843
SiliconeRubber,0.304,0.009,15,0.012252647629506131,-9.434040705712697,5.912281069397763,4.478306882129434,1.433974187268329
SiliconeRubber,0.304,0.01,13,0.010712793250355242,-5.560442555560731,4.3691324165884025,3.5239451481431714,0.8451872684452311
SiliconeRubber,0.304,0.01,15,0.013120931548581311,-8.138335720017135,5.553122933581196,4.31609590413859,1.237027029442606
SiliconeRubber,0.304,0.01,5,0.003454465009797129,-0.6820699627471669,1.2400118086129404,1.1363371742753714,0.10367463433756896
SiliconeRubber,0.304,0.01,7,0.005036076542192506,-1.3564086094127485,1.8627782343519566,1.6566041257212192,0.20617410863073737
SiliconeRubber,0.304,0.01,9,0.006753509745048231,-2.3068854580937432,2.572195847869798,2.2215492582395497,0.3506465896302484
SiliconeRubber,0.304,0.01,11,0.008632610909438466,-3.6349504866859323,3.392187115238915,2.8396746412626532,0.5525124739762619
SiliconeRubber,0.353,0.008,5,0.0028805761071622783,-0.7232453165623518,1.1476868306545154,1.02003403228126,0.12765279837325538
SiliconeRubber,0.353,0.008,7,0.004263412014009797,-1.4689030649686547,1.7689681947947988,1.5097068038278316,0.2592613909669672
SiliconeRubber,0.353,0.008,9,0.005810024773982301,-2.5607374092278343,2.5093443644788187,2.057374211750107,0.45197015272871166
SiliconeRubber,0.353,0.008,11,0.007569352806671405,-4.159567705086213,3.4145294246897158,2.680365724741999,0.7341636999477168
SiliconeRubber,0.353,0.008,13,0.009663156656576802,-6.508004718231484,4.5704605156916545,3.421797682923797,1.1486628327678576
SiliconeRubber,0.353,0.008,15,0.012381026975139165,-10.516442805729186,6.240368506181159,4.384216350969959,1.8561521552112001
SiliconeRubber,0.353,0.009,5,0.0031939941642438008,-0.6415169660532746,1.118576867657223,1.00534912314882,0.1132277445084029
SiliconeRubber,0.353,0.009,7,0.00470217885927761,-1.2961500382031208,1.7088393704043583,1.4800688886615079,0.22877048174285042
SiliconeRubber,0.353,0.009,9,0.006371795176915697,-2.240165139536589,2.4009903989115564,2.0056012517833484,0.39538914712820805
SiliconeRubber,0.353,0.009,11,0.008244125762239289,-3.5971119811895984,3.2298306997568567,2.594940435076893,0.6348902646799637
SiliconeRubber,0.353,0.009,13,0.010406783973650288,-5.583091121359317,4.2610794084315,3.2756638255115798,0.98541558291992
SiliconeRubber,0.353,0.009,15,0.01306706175432667,-8.675528284402569,5.644249865371957,4.1130191231749045,1.5312307421970521
SiliconeRubber,0.353,0.01,15,0.013856245054648005,-7.425791353499403,5.235934059062052,3.9252818851694067,1.3106521738926449
SiliconeRubber,0.353,0.01,5,0.003506663589163718,-0.5814547620082331,1.0960158842377161,0.9933891187432629,0.10262676549445326
SiliconeRubber,0.353,0.01,7,0.0051400488693554075,-1.1684749609301954,1.6623403261722838,1.4561044955681042,0.2062358306041796
SiliconeRubber,0.353,0.01,9,0.0069286908917351,-2.0259443889108084,2.320381136975647,1.9628019523328897,0.3575791846427574
SiliconeRubber,0.353,0.01,11,0.00891711996869107,-3.2117943832499463,3.092978017054683,2.526096308411068,0.5668817086436149
SiliconeRubber,0.353,0.01,13,0.011177662080069232,-4.887359855715699,4.029095524468447,3.166476509934627,0.8626190145338204
SiliconeRubber,0.402,0.009,5,0.0032462538314076096,-0.5625345991658549,1.010320375219404,0.8972509207870674,0.11306945443233674
SiliconeRubber,0.402,0.009,7,0.0048063747705165815,-1.1493693536116447,1.5594850340274558,1.3284617939515149,0.23102324007594088
SiliconeRubber,0.402,0.009,9,0.006555257239463949,-1.9993583471755387,2.2137165887175922,1.8118455609353092,0.401871027782283
SiliconeRubber,0.402,0.009,11,0.008550791170993808,-3.2364377553593036,3.013926744768017,2.363402755940798,0.650523988827219
SiliconeRubber,0.402,0.009,13,0.01092506185797856,-5.098365365740065,4.044412637512802,3.0196411989990493,1.0247714385137527
SiliconeRubber,0.402,0.009,15,0.014036347275148554,-8.276967213167175,5.543257826968925,3.8795874171223206,1.6636704098466044
SiliconeRubber,0.402,0.01,5,0.0035578087679187928,-0.5126375226666049,0.9880671987522046,0.885027056696217,0.10304014205598766
SiliconeRubber,0.402,0.01,7,0.005243579951350154,-1.033569569597517,1.512120605715507,1.3043731222264063,0.20774748348910066
SiliconeRubber,0.402,0.01,9,0.007114462656093397,-1.7819419790490978,2.1279371676628482,1.769766829873979,0.3581703377888692
SiliconeRubber,0.402,0.01,11,0.009220921386091293,-2.8530856110550564,2.8672317466507455,2.2937615388286794,0.5734702078220661
SiliconeRubber,0.402,0.01,13,0.011662125008044531,-4.444881309140462,3.7944472645413443,2.901026121404112,0.8934211431372323
SiliconeRubber,0.402,0.01,15,0.014697147730335942,-6.94909834935316,5.052775666313501,3.656006898093518,1.396768768219983
SiliconeRubber,0.451,0.01,5,0.003608649312327257,-0.46062495668276265,0.9040148994231504,0.8001439716911878,0.1038709277319626
SiliconeRubber,0.451,0.01,7,0.005351072776568753,-0.9182854359450844,1.3935640036257386,1.1864906378201225,0.20707336580561608
SiliconeRubber,0.451,0.01,9,0.007301940178021559,-1.6000924548659117,1.9798763204173975,1.6190554718451349,0.3608208485722626
SiliconeRubber,0.451,0.01,11,0.009525669755946249,-2.6102346379075665,2.700729807953754,2.1121218971055984,0.5886079108481557
SiliconeRubber,0.451,0.01,13,0.012188411942765128,-4.099550182664074,3.6269789304402216,2.7025303642494736,0.924448566190748
SiliconeRubber,0.451,0.01,15,0.015691740002079273,-6.691841344305224,4.988331731362395,3.479321508221568,1.5090102231408271
SiliconeRubber,0.5,0.01,5,0.003662911770886667,-0.41015172139372247,0.8351202845257639,0.7325823541773334,0.1025379303484305
SiliconeRubber,0.5,0.01,7,0.005455073662968235,-0.8388251603792124,1.3007210226884498,1.091014732593647,0.2097062900948028
SiliconeRubber,0.5,0.01,9,0.007490588276431802,-1.4614329211570665,1.8634758855756268,1.4981176552863604,0.3653582302892664
SiliconeRubber,0.5,0.01,11,0.009853369269161034,-2.3875771289468672,2.5675681360689233,1.9706738538322068,0.5968942822367165
SiliconeRubber,0.5,0.01,13,0.012753319970160566,-3.862008725367557,3.5161661753740026,2.550663994032113,0.9655021813418894
SiliconeRubber,0.5,0.01,15,0.016945168972593638,-6.693763988059701,5.062474791533653,3.3890337945187277,1.673440997014925
